time,station,cglo,cglo_flag,chim,chim_flag,dd,dd_flag,ddx,ddx_flag,ff,ffam,ffam_flag,ff_flag,ffx,ffx_flag,p,p_flag,pred,pred_flag,rf,rf_flag,rr,rr_flag,rrm,rrm_flag,sh,sh_flag,so,so_flag,tb10,tb10_flag,tb20,tb20_flag,tb50,tb50_flag,tl,tl_flag,tlmax,tlmax_flag,tlmin,tlmin_flag,ts,ts_flag,tsmax,tsmax_flag,tsmin,tsmin_flag,zeitx,zeitx_flag
2019-06-24T00:00+00:00,5904,0,12,0,12,351,12,325,12,4.9,5.1,12,12,9.4,12,995.1,12,,,63,12,0.0,12,0,12,,,0,12,22.6,12,23.0,12,22.5,12,20.7,12,20.7,12,20.5,12,18.6,12,18.6,12,18.3,12,50,12
2019-06-24T00:10+00:00,5904,0,12,0,12,351,12,354,12,4.3,4.5,12,12,9.2,12,995.2,12,,,63,12,0.0,12,0,12,,,0,12,22.6,12,23.0,12,22.5,12,20.7,12,20.7,12,20.7,12,18.6,12,18.6,12,18.6,12,8,12
2019-06-24T00:20+00:00,5904,0,12,0,12,350,12,358,12,4.6,4.7,12,12,8.5,12,995.4,12,,,63,12,0.0,12,0,12,,,0,12,22.5,12,23.0,12,22.5,12,20.6,12,20.6,12,20.6,12,18.6,12,18.6,12,18.5,12,11,12
2019-06-24T00:30+00:00,5904,0,12,0,11,1,12,345,12,4.4,4.6,12,12,8.6,12,995.5,12,,,62,12,0.0,12,0,12,,,0,12,22.5,12,23.0,12,22.5,12,20.6,12,20.6,12,20.6,12,18.7,12,18.7,12,18.6,12,21,12
2019-06-24T00:40+00:00,5904,0,11,0,11,358,12,12,12,4.4,4.5,12,12,7.9,12,995.6,12,,,62,12,0.0,12,0,12,,,0,12,22.5,12,23.0,12,22.5,12,20.6,12,20.6,12,20.6,12,18.7,12,18.7,12,18.7,12,33,12
2019-06-24T00:50+00:00,5904,0,12,0,11,360,12,12,12,5.0,5.1,12,12,9.0,12,995.5,12,,,61,12,0.0,12,0,12,,,0,12,22.5,12,23.0,12,22.5,12,20.6,12,20.6,12,20.6,12,18.7,12,18.8,12,18.7,12,47,12
2019-06-24T01:00+00:00,5904,0,12,0,11,3,12,1,12,4.9,5.0,12,12,8.8,12,995.4,12,,,61,12,0.0,12,0,12,,,0,12,22.4,12,22.9,12,22.5,12,20.5,12,20.6,12,20.5,12,18.6,12,18.7,12,18.6,12,51,12
2019-06-24T01:10+00:00,5904,0,12,0,11,2,12,349,12,3.7,3.9,12,12,7.1,12,995.4,12,,,61,12,0.0,12,0,12,,,0,12,22.4,12,22.9,12,22.5,12,20.5,12,20.5,12,20.5,12,18.5,12,18.6,12,18.4,12,5,12
2019-06-24T01:20+00:00,5904,0,12,0,11,348,12,353,12,3.4,3.5,12,12,6.4,12,995.4,12,,,62,12,0.0,12,0,12,,,0,12,22.4,12,22.9,12,22.5,12,20.4,12,20.5,12,20.4,12,18.4,12,18.6,12,18.4,12,12,12
2019-06-24T01:30+00:00,5904,0,12,0,11,352,12,340,12,3.3,3.4,12,12,6.5,12,995.5,12,,,62,12,0.0,12,0,12,,,0,12,22.4,12,22.9,12,22.5,12,20.2,12,20.3,12,20.1,12,18.3,12,18.4,12,18.3,12,27,12
2019-06-24T01:40+00:00,5904,0,12,0,11,2,12,7,12,4.2,4.3,12,12,8.3,12,995.4,12,,,61,12,0.0,12,0,12,,,0,12,22.3,12,22.9,12,22.5,12,20.3,12,20.3,12,20.2,12,18.4,12,18.4,12,18.3,12,38,12
2019-06-24T01:50+00:00,5904,0,12,0,11,359,12,334,12,3.2,3.4,12,12,7.7,12,995.4,12,,,61,12,0.0,12,0,12,,,0,12,22.3,12,22.9,12,22.5,12,20.2,12,20.3,12,20.2,12,18.5,12,18.6,12,18.4,12,40,12
2019-06-24T02:00+00:00,5904,1,12,0,12,352,12,358,12,3.4,3.5,12,12,6.3,12,995.4,12,,,61,12,0.0,12,0,12,,,0,12,22.3,12,22.9,12,22.5,12,20.2,12,20.2,12,20.2,12,18.4,12,18.4,12,18.4,12,56,12
2019-06-24T02:10+00:00,5904,0,12,0,12,337,12,331,12,2.6,2.8,12,12,5.5,12,995.4,12,,,63,12,0.0,12,0,12,,,0,12,22.3,12,22.8,12,22.5,12,19.8,12,20.1,12,19.8,12,17.9,12,18.3,12,17.9,12,0,12
2019-06-24T02:20+00:00,5904,0,12,0,11,328,12,355,12,1.4,1.6,12,12,4.2,12,995.2,12,,,65,12,0.0,12,0,12,,,0,12,22.3,12,22.8,12,22.5,12,19.3,12,19.8,12,19.3,12,17.1,12,17.8,12,17.1,12,18,12
2019-06-24T02:30+00:00,5904,0,12,0,12,344,12,338,12,3.2,3.4,12,12,6.7,12,995.2,12,,,63,12,0.0,12,0,12,,,0,12,22.2,12,22.8,12,22.5,12,19.3,12,19.3,12,19.2,12,16.6,12,17.0,12,16.6,12,27,12
2019-06-24T02:40+00:00,5904,1,12,1,11,351,12,328,12,2.3,2.5,12,12,6.1,12,995.4,12,,,63,12,0.0,12,0,12,,,0,12,22.2,12,22.8,12,22.5,12,19.1,12,19.3,12,19.0,12,16.4,12,16.6,12,16.3,12,30,12
2019-06-24T02:50+00:00,5904,3,12,2,12,346,12,329,12,2.3,2.5,12,12,5.8,12,995.4,12,,,63,12,0.0,12,0,12,,,0,12,22.2,12,22.8,12,22.5,12,19.1,12,19.2,12,19.1,12,16.4,12,16.5,12,16.3,12,45,12
2019-06-24T03:00+00:00,5904,4,12,4,12,336,12,326,12,2.7,2.8,12,12,6.0,12,995.5,12,,,64,12,0.0,12,0,12,,,0,12,22.2,12,22.8,12,22.5,12,18.9,12,19.1,12,18.8,12,16.3,12,16.3,12,16.2,12,59,12
2019-06-24T03:10+00:00,5904,8,12,7,11,303,12,326,12,1.0,1.3,12,12,3.5,12,995.6,12,,,66,12,0.0,12,0,12,,,0,12,22.2,12,22.8,12,22.5,12,18.7,12,19.1,12,18.7,12,16.0,12,16.4,12,16.0,12,0,12
2019-06-24T03:20+00:00,5904,13,12,13,12,270,12,294,12,0.6,1.0,12,12,2.2,12,995.8,12,,,68,12,0.0,12,0,12,,,0,12,22.1,12,22.8,12,22.5,12,18.3,12,18.6,12,18.3,12,15.9,12,15.9,12,15.9,12,10,12
2019-06-24T03:30+00:00,5904,17,12,16,12,297,12,297,12,1.7,1.9,12,12,3.7,12,995.9,12,,,66,12,0.0,12,0,12,,,0,12,22.1,12,22.8,12,22.5,12,18.5,12,18.5,12,18.3,12,16.0,12,16.0,12,15.9,12,29,12
2019-06-24T03:40+00:00,5904,21,12,21,11,296,12,303,12,2.6,2.8,12,12,4.7,12,996.0,12,,,65,12,0.0,12,0,12,,,0,12,22.1,12,22.8,12,22.5,12,18.6,12,18.6,12,18.4,12,16.5,12,16.5,12,16.1,12,34,12
2019-06-24T03:50+00:00,5904,27,12,27,11,277,12,269,12,2.4,2.4,12,12,3.7,12,996.0,12,,,68,12,0.0,12,0,12,,,0,12,22.0,12,22.7,12,22.5,12,18.3,12,18.6,12,18.3,12,16.8,12,16.8,12,16.6,12,42,12
2019-06-24T04:00+00:00,5904,36,12,36,11,287,12,284,12,2.3,2.4,12,12,4.1,12,995.9,12,,,70,12,0.0,12,0,12,,,0,12,22.0,12,22.7,12,22.5,12,18.2,12,18.3,12,18.2,12,16.8,12,16.8,12,16.7,12,58,12
2019-06-24T04:10+00:00,5904,44,12,44,11,298,12,328,12,2.7,2.9,12,12,4.4,12,996.0,12,,,70,12,0.0,12,0,12,,,0,12,22.0,12,22.7,12,22.5,12,18.0,12,18.2,12,18.0,12,16.7,12,16.8,12,16.7,12,9,12
2019-06-24T04:20+00:00,5904,52,12,52,11,321,12,309,12,2.3,2.4,12,12,3.8,12,996.0,12,,,68,12,0.0,12,0,12,,,0,12,22.0,12,22.7,12,22.5,12,18.2,12,18.2,12,18.0,12,16.8,12,16.8,12,16.7,12,11,12
2019-06-24T04:30+00:00,5904,60,12,58,11,308,12,329,12,1.8,1.9,12,12,3.4,12,996.0,12,,,67,12,0.0,12,0,12,,,0,12,21.9,12,22.7,12,22.4,12,18.3,12,18.3,12,18.1,12,17.1,12,17.1,12,16.8,12,28,12
2019-06-24T04:40+00:00,5904,96,12,70,12,293,12,294,12,2.7,2.9,12,12,6.0,12,996.0,12,,,68,12,0.0,12,0,12,,,461,12,21.9,12,22.7,12,22.4,12,18.4,12,18.4,12,18.3,12,17.5,12,17.5,12,17.2,12,32,12
2019-06-24T04:50+00:00,5904,129,12,82,12,280,12,294,12,1.2,1.4,12,12,3.0,12,996.1,12,,,67,12,0.0,12,0,12,,,600,12,21.9,12,22.7,12,22.4,12,18.6,12,18.6,12,18.4,12,17.9,12,17.9,12,17.5,12,46,12
2019-06-24T05:00+00:00,5904,140,12,88,12,315,12,309,12,1.3,1.5,12,12,3.0,12,996.2,12,,,65,12,0.0,12,0,12,,,600,12,21.9,12,22.7,12,22.4,12,18.8,12,18.8,12,18.6,12,18.2,12,18.2,12,18.0,12,56,12
2019-06-24T05:10+00:00,5904,168,12,98,12,263,12,286,12,1.0,1.3,12,12,3.2,12,996.3,12,,,64,12,0.0,12,0,12,,,600,12,21.9,12,22.6,12,22.4,12,18.9,12,19.0,12,18.8,12,18.6,12,18.6,12,18.3,12,8,12
2019-06-24T05:20+00:00,5904,250,12,115,12,273,12,274,12,2.0,2.1,12,12,3.6,12,996.5,12,,,65,12,0.0,12,0,12,,,600,12,21.8,12,22.6,12,22.4,12,19.4,12,19.4,12,19.0,12,19.3,12,19.3,12,18.7,12,16,12
2019-06-24T05:30+00:00,5904,269,12,125,12,294,12,314,12,1.5,1.8,12,12,4.3,12,996.5,12,,,63,12,0.0,12,0,12,,,600,12,21.8,12,22.6,12,22.4,12,19.8,12,19.8,12,19.4,12,21.2,12,21.2,12,19.4,12,30,12
2019-06-24T05:40+00:00,5904,247,12,133,12,293,12,313,12,2.0,2.1,12,12,3.9,12,996.6,12,,,63,12,0.0,12,0,12,,,600,12,21.8,12,22.6,12,22.4,12,19.8,12,19.9,12,19.8,12,22.8,12,22.8,12,21.2,12,31,12
2019-06-24T05:50+00:00,5904,245,12,148,12,305,12,299,12,2.0,2.2,12,12,4.4,12,996.6,12,,,62,12,0.0,12,0,12,,,600,12,21.8,12,22.6,12,22.4,12,19.9,12,19.9,12,19.7,12,24.2,12,24.2,12,23.0,12,48,12
2019-06-24T06:00+00:00,5904,242,12,161,12,298,12,320,12,2.3,2.4,12,12,4.6,12,996.6,12,,,63,12,0.0,12,0,12,,,600,12,21.8,12,22.6,12,22.4,12,19.8,12,19.9,12,19.8,12,24.5,12,24.6,12,24.4,12,56,12
2019-06-24T06:10+00:00,5904,354,12,178,12,286,12,287,12,2.3,2.4,12,12,4.2,12,996.5,12,,,63,12,0.0,12,0,12,,,600,12,21.8,12,22.6,12,22.4,12,20.0,12,20.1,12,19.8,12,26.6,12,26.6,12,24.6,12,6,12
2019-06-24T06:20+00:00,5904,399,12,195,12,285,12,279,12,2.3,2.4,12,12,4.3,12,996.7,12,,,62,12,0.0,12,0,12,,,600,12,21.8,12,22.6,12,22.4,12,20.4,12,20.4,12,20.0,12,28.2,12,28.2,12,26.6,12,12,12
2019-06-24T06:30+00:00,5904,550,12,204,12,284,12,272,12,2.3,2.5,12,12,4.8,12,996.7,12,,,61,12,0.0,12,0,12,,,600,12,21.8,12,22.5,12,22.4,12,21.0,12,21.0,12,20.4,12,31.3,12,31.3,12,28.3,12,29,12
2019-06-24T06:40+00:00,5904,588,12,196,12,281,12,276,12,2.4,2.5,12,12,4.1,12,996.7,12,,,60,12,0.0,12,0,12,,,600,12,21.8,12,22.5,12,22.4,12,21.3,12,21.3,12,21.1,12,33.6,12,33.6,12,31.7,12,30,12
2019-06-24T06:50+00:00,5904,592,12,173,12,298,12,304,12,1.8,2.0,12,12,4.9,12,996.7,12,,,59,12,0.0,12,0,12,,,600,12,21.8,12,22.5,12,22.4,12,22.0,12,22.0,12,21.5,12,34.7,12,34.7,12,33.8,12,49,12
2019-06-24T07:00+00:00,5904,593,12,154,12,298,12,296,12,3.3,3.4,12,12,5.8,12,996.8,12,,,56,12,0.0,12,0,12,,,600,12,21.8,12,22.5,12,22.4,12,21.7,12,22.0,12,21.7,12,34.3,12,35.1,12,34.3,12,55,12
2019-06-24T07:10+00:00,5904,508,12,147,12,289,12,285,12,3.2,3.3,12,12,5.5,12,996.8,12,,,58,12,0.0,12,0,12,,,600,12,21.9,12,22.5,12,22.4,12,21.7,12,21.9,12,21.6,12,33.1,12,34.2,12,33.1,12,1,12
2019-06-24T07:20+00:00,5904,339,12,194,12,293,12,289,12,3.3,3.4,12,12,5.9,12,996.9,12,,,58,12,0.0,12,0,12,,,600,12,21.9,12,22.5,12,22.4,12,21.3,12,21.8,12,21.3,12,30.0,12,32.8,12,30.0,12,17,12
2019-06-24T07:30+00:00,5904,385,12,237,12,298,12,302,12,3.4,3.6,12,12,6.6,12,996.9,12,,,60,12,0.0,12,0,12,,,600,12,21.9,12,22.5,12,22.4,12,21.4,12,21.4,12,21.3,12,29.6,12,29.6,12,29.0,12,27,12
2019-06-24T07:40+00:00,5904,604,12,233,12,302,12,276,12,2.9,3.0,12,12,5.4,12,996.9,12,,,59,12,0.0,12,0,12,,,600,12,21.9,12,22.4,12,22.4,12,22.2,12,22.2,12,21.5,12,32.2,12,32.2,12,29.7,12,32,12
2019-06-24T07:50+00:00,5904,694,12,221,12,300,12,263,12,2.2,2.4,12,12,5.0,12,997.0,12,,,57,12,0.0,12,0,12,,,600,12,22.0,12,22.4,12,22.4,12,22.5,12,22.5,12,22.1,12,34.1,12,34.1,12,32.5,12,44,12
2019-06-24T08:00+00:00,5904,762,12,209,12,286,12,290,12,4.2,4.3,12,12,6.3,12,997.0,12,,,57,12,0.0,12,0,12,,,600,12,22.0,12,22.4,12,22.4,12,22.5,12,22.7,12,22.5,12,35.3,12,35.3,12,34.4,12,51,12
2019-06-24T08:10+00:00,5904,619,12,264,12,307,12,309,12,3.2,3.5,12,12,6.3,12,997.0,12,,,58,12,0.0,12,0,12,,,600,12,22.1,12,22.4,12,22.4,12,22.5,12,22.6,12,22.3,12,33.8,12,36.0,12,33.8,12,4,12
2019-06-24T08:20+00:00,5904,792,12,183,12,314,12,290,12,2.5,2.8,12,12,5.5,12,997.0,12,,,56,12,0.0,12,0,12,,,600,12,22.1,12,22.4,12,22.4,12,22.9,12,22.9,12,22.6,12,35.2,12,35.2,12,34.1,12,12,12
2019-06-24T08:30+00:00,5904,769,12,149,12,316,12,348,12,3.0,3.2,12,12,6.9,12,997.1,12,,,56,12,0.0,12,0,12,,,600,12,22.2,12,22.4,12,22.4,12,23.1,12,23.3,12,23.0,12,36.2,12,36.2,12,35.4,12,25,12
2019-06-24T08:40+00:00,5904,767,12,149,12,309,12,294,12,3.6,3.8,12,12,6.6,12,997.1,12,,,56,12,0.0,12,0,12,,,600,12,22.2,12,22.4,12,22.4,12,23.4,12,23.7,12,23.3,12,36.1,12,36.4,12,36.0,12,34,12
2019-06-24T08:50+00:00,5904,754,12,155,12,316,12,313,12,2.6,3.0,12,12,7.0,12,997.1,12,,,55,12,0.0,12,0,12,,,600,12,22.3,12,22.4,12,22.3,12,23.4,12,23.8,12,23.4,12,35.7,12,36.4,12,35.7,12,49,12
2019-06-24T09:00+00:00,5904,757,12,155,12,319,12,318,12,2.8,3.0,12,12,5.5,12,997.1,12,,,55,12,0.0,12,0,12,,,600,12,22.4,12,22.4,12,22.3,12,23.5,12,23.7,12,23.4,12,36.2,12,36.2,12,35.9,12,58,12
2019-06-24T09:10+00:00,5904,810,12,149,12,318,12,292,12,3.5,3.9,12,12,7.3,12,997.1,12,,,54,12,0.0,12,0,12,,,600,12,22.4,12,22.4,12,22.3,12,23.8,12,23.9,12,23.6,12,36.5,12,36.5,12,36.2,12,7,12
2019-06-24T09:20+00:00,5904,819,12,140,12,324,12,305,12,3.2,3.5,12,12,8.1,12,997.0,12,,,56,12,0.0,12,0,12,,,600,12,22.5,12,22.4,12,22.3,12,24.3,12,24.3,12,23.8,12,36.7,12,37.0,12,36.4,12,19,12
2019-06-24T09:30+00:00,5904,806,12,131,12,313,12,297,12,4.1,4.3,12,12,7.8,12,997.0,12,,,55,12,0.0,12,0,12,,,600,12,22.6,12,22.4,12,22.3,12,24.3,12,24.4,12,24.0,12,36.6,12,36.7,12,36.3,12,20,12
2019-06-24T09:40+00:00,5904,840,12,123,12,327,12,309,12,2.7,3.2,12,12,5.9,12,996.9,12,,,54,12,0.0,12,0,12,,,600,12,22.7,12,22.4,12,22.3,12,24.5,12,24.6,12,24.4,12,37.8,12,37.8,12,36.9,12,30,12
2019-06-24T09:50+00:00,5904,862,12,120,12,311,12,300,12,3.4,3.6,12,12,7.6,12,996.9,12,,,54,12,0.0,12,0,12,,,600,12,22.8,12,22.4,12,22.3,12,25.0,12,25.0,12,24.5,12,38.1,12,38.1,12,37.8,12,45,12
2019-06-24T10:00+00:00,5904,870,12,120,12,317,12,330,12,2.9,3.3,12,12,7.0,12,996.9,12,,,52,12,0.0,12,0,12,,,599,12,22.9,12,22.4,12,22.3,12,25.2,12,25.3,12,25.0,12,38.1,12,38.3,12,37.8,12,58,12
2019-06-24T10:10+00:00,5904,878,12,119,12,360,12,354,12,3.0,3.3,12,12,7.1,12,996.8,12,,,52,12,0.0,12,0,12,,,600,12,23.0,12,22.4,12,22.3,12,25.3,12,25.3,12,25.0,12,38.5,12,38.6,12,38.0,12,1,12
2019-06-24T10:20+00:00,5904,883,12,120,12,1,12,358,12,2.6,3.0,12,12,6.1,12,996.8,12,,,55,12,0.0,12,0,12,,,600,12,23.1,12,22.4,12,22.3,12,26.0,12,26.0,12,25.2,12,39.0,12,39.0,12,38.2,12,19,12
2019-06-24T10:30+00:00,5904,893,12,118,12,334,12,302,12,3.8,4.0,12,12,10.0,12,996.8,12,,,53,12,0.0,12,0,12,,,600,12,23.2,12,22.4,12,22.3,12,26.1,12,26.1,12,25.7,12,39.0,12,39.2,12,38.7,12,27,12
2019-06-24T10:40+00:00,5904,889,12,121,12,342,12,333,12,3.5,3.7,12,12,7.9,12,996.7,12,,,52,12,0.0,12,0,12,,,600,12,23.3,12,22.4,12,22.3,12,25.7,12,26.2,12,25.7,12,38.9,12,39.4,12,38.8,12,34,12
2019-06-24T10:50+00:00,5904,893,12,122,12,358,12,6,12,3.1,3.3,12,12,5.8,12,996.8,12,,,52,12,0.0,12,0,12,,,600,12,23.4,12,22.5,12,22.3,12,26.3,12,26.3,12,25.8,12,39.8,12,39.8,12,38.9,12,46,12
2019-06-24T11:00+00:00,5904,892,12,126,12,340,12,342,12,3.3,3.4,12,12,7.4,12,996.8,12,,,51,12,0.0,12,0,12,,,600,12,23.5,12,22.5,12,22.3,12,26.1,12,26.3,12,26.0,12,38.7,12,39.7,12,38.6,12,53,12
2019-06-24T11:10+00:00,5904,885,12,135,12,338,12,344,12,3.4,3.8,12,12,7.5,12,996.6,12,,,52,12,0.0,12,0,12,,,600,12,23.6,12,22.5,12,22.3,12,26.3,12,26.4,12,26.1,12,39.8,12,40.1,12,39.0,12,7,12
2019-06-24T11:20+00:00,5904,886,12,135,12,4,12,29,12,3.2,3.5,12,12,6.7,12,996.5,12,,,51,12,0.0,12,0,12,,,599,12,23.7,12,22.5,12,22.3,12,26.6,12,26.6,12,26.4,12,40.0,12,40.1,12,39.7,12,16,12
2019-06-24T11:30+00:00,5904,885,12,143,12,356,12,20,12,2.1,2.4,12,12,5.7,12,996.5,12,,,51,12,0.0,12,0,12,,,600,12,23.8,12,22.5,12,22.3,12,26.9,12,26.9,12,26.8,12,40.6,12,41.0,12,40.3,12,24,12
2019-06-24T11:40+00:00,5904,905,12,173,12,352,12,354,12,2.8,3.0,12,12,6.9,12,996.5,12,,,51,12,0.0,12,0,12,,,600,12,24.0,12,22.6,12,22.3,12,27.0,12,27.0,12,26.6,12,40.1,12,40.4,12,40.1,12,37,12
2019-06-24T11:50+00:00,5904,899,12,199,12,12,12,27,12,3.2,3.5,12,12,8.1,12,996.5,12,,,52,12,0.0,12,0,12,,,599,12,24.1,12,22.6,12,22.3,12,27.4,12,27.4,12,26.9,12,40.7,12,40.7,12,39.5,12,49,12
2019-06-24T12:00+00:00,5904,903,12,157,12,2,12,359,12,3.9,4.2,12,12,7.2,12,996.5,12,,,49,12,0.0,12,0,12,,,600,12,24.2,12,22.6,12,22.3,12,27.4,12,27.6,12,27.3,12,40.2,12,40.7,12,40.2,12,50,12
2019-06-24T12:10+00:00,5904,886,12,154,12,25,12,347,12,3.6,4.5,12,12,8.0,12,996.6,12,,,49,12,0.0,12,0,12,,,600,12,24.3,12,22.6,12,22.3,12,27.5,12,28.0,12,27.4,12,40.4,12,40.9,12,40.1,12,2,12
2019-06-24T12:20+00:00,5904,821,12,262,12,29,12,47,12,3.3,3.6,12,12,7.5,12,996.7,12,,,49,12,0.0,12,0,12,,,508,12,24.4,12,22.7,12,22.3,12,27.4,12,27.6,12,27.3,12,39.6,12,41.0,12,39.6,12,12,12
2019-06-24T12:30+00:00,5904,607,12,225,11,48,12,26,12,3.0,3.2,12,12,5.5,12,996.7,12,,,48,12,0.0,12,0,12,,,428,12,24.5,12,22.7,12,22.3,12,27.5,12,27.5,12,26.9,12,38.5,12,38.7,12,36.8,12,21,12
2019-06-24T12:40+00:00,5904,772,12,250,12,36,12,46,12,3.5,3.6,12,12,7.0,12,996.7,12,,,49,12,0.0,12,0,12,,,521,12,24.6,12,22.7,12,22.2,12,27.5,12,27.8,12,27.4,12,38.9,12,39.3,12,38.4,12,35,12
2019-06-24T12:50+00:00,5904,876,12,190,12,24,12,29,12,3.7,3.8,12,12,6.3,12,996.6,12,,,48,12,0.0,12,0,12,,,600,12,24.7,12,22.7,12,22.2,12,27.7,12,27.9,12,27.6,12,40.7,12,40.7,12,39.1,12,44,12
2019-06-24T13:00+00:00,5904,792,12,230,12,354,12,9,12,2.9,3.2,12,12,5.7,12,996.6,12,,,47,12,0.0,12,0,12,,,560,12,24.8,12,22.8,12,22.2,12,28.0,12,28.3,12,27.7,12,40.5,12,41.0,12,40.5,12,55,12
2019-06-24T13:10+00:00,5904,836,12,213,12,358,12,340,12,2.8,3.0,12,12,6.0,12,996.5,12,,,46,12,0.0,12,0,12,,,585,12,24.8,12,22.8,12,22.2,12,28.2,12,28.3,12,28.0,12,37.3,12,40.6,12,37.3,12,6,12
2019-06-24T13:20+00:00,5904,704,12,243,12,352,12,344,12,3.2,3.4,12,12,6.5,12,996.5,12,,,47,12,0.0,12,0,12,,,517,12,24.9,12,22.8,12,22.2,12,28.3,12,28.5,12,28.1,12,37.7,12,37.7,12,36.5,12,16,12
2019-06-24T13:30+00:00,5904,746,12,201,12,339,12,356,12,3.0,3.3,12,12,5.7,12,996.3,12,,,46,12,0.0,12,0,12,,,556,12,25.0,12,22.9,12,22.2,12,28.2,12,28.3,12,28.1,12,39.7,12,39.7,12,37.5,12,22,12
2019-06-24T13:40+00:00,5904,813,12,226,12,3,12,37,12,2.5,3.0,12,12,5.6,12,996.3,12,,,48,12,0.0,12,0,12,,,600,12,25.1,12,22.9,12,22.2,12,28.4,12,28.8,12,28.4,12,40.4,12,40.6,12,40.0,12,37,12
2019-06-24T13:50+00:00,5904,727,12,211,12,4,12,342,12,3.1,3.4,12,12,5.7,12,996.3,12,,,48,12,0.0,12,0,12,,,562,12,25.1,12,23.0,12,22.2,12,28.9,12,28.9,12,28.4,12,39.9,12,40.4,12,39.7,12,42,12
2019-06-24T14:00+00:00,5904,770,12,236,12,13,12,22,12,2.4,2.6,12,12,6.3,12,996.3,12,,,45,12,0.0,12,0,12,,,600,12,25.2,12,23.0,12,22.2,12,28.4,12,28.8,12,28.3,12,36.5,12,39.8,12,36.5,12,59,12
2019-06-24T14:10+00:00,5904,754,12,225,12,356,12,357,12,3.8,3.9,12,12,6.8,12,996.2,12,,,43,12,0.0,12,0,12,,,600,12,25.3,12,23.0,12,22.2,12,29.5,12,29.5,12,28.4,12,39.4,12,39.5,12,36.5,12,3,12
2019-06-24T14:20+00:00,5904,726,12,209,12,358,12,351,12,2.7,2.9,12,12,5.6,12,996.2,12,,,44,12,0.0,12,0,12,,,600,12,25.3,12,23.1,12,22.2,12,29.0,12,29.5,12,29.0,12,40.0,12,40.1,12,39.4,12,10,12
2019-06-24T14:30+00:00,5904,663,12,222,11,4,12,331,12,2.5,2.8,12,12,5.1,12,996.3,12,,,46,12,0.0,12,0,12,,,520,12,25.4,12,23.1,12,22.2,12,28.9,12,29.1,12,28.9,12,40.1,12,40.8,12,40.1,12,22,12
2019-06-24T14:40+00:00,5904,155,12,153,11,11,12,38,12,2.8,2.9,12,12,5.6,12,996.3,12,,,47,12,0.0,12,0,12,,,0,12,25.5,12,23.1,12,22.2,12,27.8,12,28.8,12,27.8,12,33.8,12,39.2,12,33.8,12,30,12
2019-06-24T14:50+00:00,5904,507,12,149,12,353,12,349,12,1.9,2.0,12,12,4.3,12,996.2,12,,,50,12,0.0,12,0,12,,,505,12,25.6,12,23.2,12,22.2,12,28.7,12,28.7,12,27.7,12,35.9,12,35.9,12,33.2,12,49,12
2019-06-24T15:00+00:00,5904,559,12,125,12,4,12,340,12,2.6,3.0,12,12,4.9,12,996.2,12,,,46,12,0.0,12,0,12,,,600,12,25.6,12,23.2,12,22.2,12,28.8,12,28.8,12,28.6,12,37.3,12,37.4,12,36.0,12,53,12
2019-06-24T15:10+00:00,5904,531,12,111,12,4,12,341,12,3.1,3.3,12,12,5.4,12,996.3,12,,,47,12,0.0,12,0,12,,,600,12,25.6,12,23.2,12,22.2,12,28.6,12,28.9,12,28.6,12,37.3,12,37.7,12,37.2,12,4,12
2019-06-24T15:20+00:00,5904,512,12,103,12,359,12,13,12,2.4,2.6,12,12,6.1,12,996.2,12,,,46,12,0.0,12,0,12,,,600,12,25.7,12,23.3,12,22.2,12,28.4,12,28.7,12,28.3,12,37.0,12,37.4,12,36.7,12,14,12
2019-06-24T15:30+00:00,5904,487,12,103,12,338,12,330,12,3.2,3.3,12,12,4.9,12,996.3,12,,,44,12,0.0,12,0,12,,,600,12,25.7,12,23.3,12,22.2,12,28.9,12,28.9,12,28.5,12,34.2,12,37.2,12,34.2,12,27,12
2019-06-24T15:40+00:00,5904,462,12,106,12,343,12,334,12,3.1,3.2,12,12,5.4,12,996.2,12,,,46,12,0.0,12,0,12,,,600,12,25.8,12,23.3,12,22.2,12,28.8,12,28.9,12,28.7,12,30.7,12,33.7,12,30.7,12,37,12
2019-06-24T15:50+00:00,5904,436,12,106,12,338,12,338,12,2.7,2.9,12,12,4.9,12,996.2,12,,,46,12,0.0,12,0,12,,,600,12,25.8,12,23.4,12,22.2,12,28.8,12,29.0,12,28.7,12,29.4,12,30.6,12,29.4,12,43,12
2019-06-24T16:00+00:00,5904,410,12,110,12,350,12,321,12,2.4,2.6,12,12,4.8,12,996.2,12,,,48,12,0.0,12,0,12,,,600,12,25.8,12,23.4,12,22.2,12,28.7,12,29.1,12,28.7,12,28.1,12,29.3,12,28.1,12,50,12
2019-06-24T16:10+00:00,5904,368,12,97,12,10,12,360,12,2.7,3.0,12,12,5.6,12,996.2,12,,,47,12,0.0,12,0,12,,,600,12,25.8,12,23.4,12,22.3,12,28.4,12,28.8,12,28.4,12,27.4,12,28.1,12,27.4,12,6,12
2019-06-24T16:20+00:00,5904,338,12,88,12,9,12,350,12,3.2,3.4,12,12,6.3,12,996.2,12,,,49,12,0.0,12,0,12,,,600,12,25.8,12,23.5,12,22.3,12,28.0,12,28.4,12,28.0,12,27.6,12,27.6,12,27.3,12,16,12
2019-06-24T16:30+00:00,5904,312,12,84,12,4,12,353,12,2.8,2.9,12,12,5.4,12,996.2,12,,,50,12,0.0,12,0,12,,,600,12,25.8,12,23.5,12,22.3,12,27.8,12,27.9,12,27.8,12,27.0,12,27.6,12,27.0,12,24,12
2019-06-24T16:40+00:00,5904,284,12,81,12,2,12,333,12,2.7,2.8,12,12,4.6,12,996.2,12,,,50,12,0.0,12,0,12,,,600,12,25.8,12,23.5,12,22.3,12,27.6,12,27.7,12,27.6,12,26.5,12,26.9,12,26.5,12,32,12
2019-06-24T16:50+00:00,5904,260,12,78,12,349,12,360,12,2.9,3.0,12,12,5.5,12,996.2,12,,,50,12,0.0,12,0,12,,,599,12,25.8,12,23.6,12,22.3,12,27.5,12,27.6,12,27.4,12,26.2,12,26.5,12,26.2,12,41,12
2019-06-24T17:00+00:00,5904,231,12,72,12,355,12,3,12,2.6,2.8,12,12,5.9,12,996.3,12,,,51,12,0.0,12,0,12,,,600,12,25.8,12,23.6,12,22.3,12,27.4,12,27.6,12,27.3,12,25.8,12,26.1,12,25.8,12,51,12
2019-06-24T17:10+00:00,5904,206,12,67,12,12,12,29,12,2.5,2.6,12,12,5.7,12,996.5,12,,,50,12,0.0,12,0,12,,,600,12,25.7,12,23.6,12,22.3,12,27.3,12,27.4,12,27.3,12,25.5,12,25.8,12,25.5,12,5,12
2019-06-24T17:20+00:00,5904,179,12,62,12,357,12,355,12,2.2,2.3,12,12,4.4,12,996.6,12,,,50,12,0.0,12,0,12,,,600,12,25.7,12,23.7,12,22.3,12,27.1,12,27.3,12,27.1,12,25.1,12,25.4,12,25.1,12,13,12
2019-06-24T17:30+00:00,5904,154,12,58,12,356,12,18,12,2.4,2.5,12,12,4.8,12,996.6,12,,,51,12,0.0,12,0,12,,,600,12,25.7,12,23.7,12,22.3,12,26.9,12,27.1,12,26.9,12,24.9,12,25.1,12,24.9,12,25,12
2019-06-24T17:40+00:00,5904,129,12,52,12,355,12,344,12,1.9,2.0,12,12,3.8,12,996.6,12,,,52,12,0.0,12,0,12,,,600,12,25.6,12,23.7,12,22.3,12,26.7,12,26.9,12,26.7,12,24.6,12,24.8,12,24.6,12,37,12
2019-06-24T17:50+00:00,5904,107,12,47,12,355,12,20,12,2.3,2.4,12,12,4.0,12,996.7,12,,,52,12,0.0,12,0,12,,,600,12,25.6,12,23.7,12,22.3,12,26.6,12,26.8,12,26.6,12,24.2,12,24.5,12,24.2,12,42,12
2019-06-24T18:00+00:00,5904,85,12,42,12,357,12,351,12,1.9,2.0,12,12,5.1,12,996.7,12,,,52,12,0.0,12,0,12,,,600,12,25.6,12,23.8,12,22.3,12,26.4,12,26.5,12,26.4,12,23.8,12,24.2,12,23.8,12,58,12
2019-06-24T18:10+00:00,5904,65,12,36,12,357,12,344,12,1.9,2.0,12,12,3.5,12,996.9,12,,,53,12,0.0,12,0,12,,,600,12,25.5,12,23.8,12,22.3,12,26.3,12,26.4,12,26.3,12,23.6,12,23.8,12,23.6,12,0,12
2019-06-24T18:20+00:00,5904,47,12,30,12,356,12,349,12,2.0,2.1,12,12,4.0,12,997.0,12,,,54,12,0.0,12,0,12,,,600,12,25.5,12,23.8,12,22.3,12,26.1,12,26.3,12,26.1,12,23.3,12,23.5,12,23.3,12,17,12
2019-06-24T18:30+00:00,5904,28,12,23,11,4,12,357,12,2.3,2.4,12,12,4.3,12,997.0,12,,,55,12,0.0,12,0,12,,,250,12,25.4,12,23.8,12,22.3,12,25.8,12,26.1,12,25.8,12,22.7,12,23.3,12,22.7,12,29,12
2019-06-24T18:40+00:00,5904,17,12,17,11,6,12,27,12,2.0,2.1,12,12,3.9,12,997.1,12,,,56,12,0.0,12,0,12,,,0,12,25.4,12,23.8,12,22.3,12,25.5,12,25.8,12,25.5,12,22.3,12,22.8,12,22.3,12,32,12
2019-06-24T18:50+00:00,5904,11,12,11,11,356,12,356,12,2.0,2.1,12,12,3.4,12,997.1,12,,,58,12,0.0,12,0,12,,,0,12,25.3,12,23.8,12,22.3,12,25.2,12,25.5,12,25.1,12,21.6,12,22.2,12,21.6,12,45,12
2019-06-24T19:00+00:00,5904,6,12,6,11,353,12,356,12,1.6,1.7,12,12,4.2,12,997.1,12,,,60,12,0.0,12,0,12,,,0,12,25.3,12,23.9,12,22.3,12,24.9,12,25.1,12,24.8,12,21.1,12,21.6,12,21.1,12,50,12
2019-06-24T19:10+00:00,5904,3,12,3,11,357,12,355,12,2.0,2.0,12,12,4.1,12,997.3,12,,,61,12,0.0,12,0,12,,,0,12,25.3,12,23.9,12,22.3,12,24.6,12,24.8,12,24.4,12,20.6,12,21.1,12,20.6,12,6,12
2019-06-24T19:20+00:00,5904,1,12,1,11,349,12,359,12,2.1,2.2,12,12,4.4,12,997.3,12,,,62,12,0.0,12,0,12,,,0,12,25.2,12,23.9,12,22.4,12,24.2,12,24.6,12,24.2,12,20.3,12,20.6,12,20.3,12,20,12
2019-06-24T19:30+00:00,5904,0,12,0,12,356,12,356,12,2.7,2.8,12,12,5.4,12,997.4,12,,,60,12,0.0,12,0,12,,,0,12,25.2,12,23.9,12,22.4,12,24.4,12,24.4,12,24.2,12,20.1,12,20.3,12,20.1,12,26,12
2019-06-24T19:40+00:00,5904,0,12,0,11,358,12,354,12,3.1,3.1,12,12,6.2,12,997.6,12,,,58,12,0.0,12,0,12,,,0,12,25.1,12,23.9,12,22.4,12,24.5,12,24.6,12,24.4,12,20.1,12,20.2,12,20.1,12,38,12
2019-06-24T19:50+00:00,5904,0,12,0,11,358,12,360,12,2.7,2.8,12,12,5.7,12,997.6,12,,,57,12,0.0,12,0,12,,,0,12,25.1,12,23.9,12,22.4,12,24.5,12,24.6,12,24.5,12,20.0,12,20.1,12,20.0,12,49,12
2019-06-24T20:00+00:00,5904,0,12,0,11,360,12,3,12,2.8,2.9,12,12,5.2,12,997.7,12,,,56,12,0.0,12,0,12,,,0,12,25.0,12,23.9,12,22.4,12,24.6,12,24.6,12,24.4,12,20.4,12,20.5,12,20.0,12,52,12
2019-06-24T20:10+00:00,5904,0,12,0,11,357,12,345,12,2.6,2.7,12,12,5.6,12,997.7,12,,,56,12,0.0,12,0,12,,,0,12,25.0,12,23.9,12,22.4,12,24.5,12,24.6,12,24.5,12,20.3,12,20.5,12,20.3,12,9,12
2019-06-24T20:20+00:00,5904,0,12,0,11,7,12,15,12,3.4,3.5,12,12,6.2,12,997.7,12,,,56,12,0.0,12,0,12,,,0,12,24.9,12,24.0,12,22.4,12,24.4,12,24.4,12,24.3,12,20.2,12,20.3,12,20.1,12,19,12
2019-06-24T20:30+00:00,5904,0,12,0,11,5,12,1,12,3.0,3.1,12,12,5.2,12,997.7,12,,,56,12,0.0,12,0,12,,,0,12,24.9,12,24.0,12,22.4,12,24.4,12,24.5,12,24.3,12,20.5,12,20.6,12,20.2,12,20,12
2019-06-24T20:40+00:00,5904,0,12,0,11,8,12,10,12,3.2,3.3,12,12,5.7,12,997.7,12,,,56,12,0.0,12,0,12,,,0,12,24.8,12,24.0,12,22.4,12,24.3,12,24.5,12,24.3,12,20.6,12,20.6,12,20.5,12,33,12
2019-06-24T20:50+00:00,5904,0,12,0,11,10,12,21,12,3.1,3.2,12,12,5.5,12,997.7,12,,,56,12,0.0,12,0,12,,,0,12,24.8,12,24.0,12,22.4,12,24.1,12,24.3,12,24.1,12,20.2,12,20.5,12,20.2,12,40,12
2019-06-24T21:00+00:00,5904,0,12,0,11,17,12,34,12,3.0,3.1,12,12,5.3,12,997.8,12,,,57,12,0.0,12,0,12,,,0,12,24.8,12,24.0,12,22.4,12,23.9,12,24.1,12,23.9,12,19.8,12,20.2,12,19.8,12,51,12
2019-06-24T21:10+00:00,5904,0,12,0,11,16,12,13,12,2.4,2.5,12,12,4.7,12,997.8,12,,,56,12,0.0,12,0,12,,,0,12,24.7,12,24.0,12,22.4,12,23.9,12,24.0,12,23.8,12,19.8,12,19.8,12,19.7,12,4,12
2019-06-24T21:20+00:00,5904,0,12,0,11,14,12,18,12,2.6,2.7,12,12,4.2,12,997.8,12,,,57,12,0.0,12,0,12,,,0,12,24.6,12,24.0,12,22.4,12,23.7,12,23.9,12,23.7,12,19.7,12,19.8,12,19.6,12,11,12
2019-06-24T21:30+00:00,5904,0,12,0,11,17,12,20,12,2.3,2.4,12,12,4.1,12,997.8,12,,,58,12,0.0,12,0,12,,,0,12,24.6,12,24.0,12,22.4,12,23.5,12,23.7,12,23.5,12,19.4,12,19.6,12,19.4,12,26,12
2019-06-24T21:40+00:00,5904,0,12,0,12,25,12,17,12,2.0,2.0,12,12,4.2,12,997.8,12,,,59,12,0.0,12,0,12,,,0,12,24.6,12,24.0,12,22.5,12,23.1,12,23.7,12,23.1,12,19.0,12,19.4,12,19.0,12,40,12
2019-06-24T21:50+00:00,5904,0,12,0,11,22,12,25,12,2.3,2.4,12,12,5.2,12,997.8,12,,,58,12,0.0,12,0,12,,,0,12,24.5,12,24.0,12,22.5,12,23.3,12,23.3,12,23.1,12,18.7,12,19.0,12,18.7,12,40,12
2019-06-24T22:00+00:00,5904,0,12,0,11,17,12,16,12,2.4,2.4,12,12,4.2,12,997.8,12,,,59,12,0.0,12,0,12,,,0,12,24.5,12,24.0,12,22.5,12,23.1,12,23.2,12,23.0,12,18.7,12,18.7,12,18.7,12,52,12
2019-06-24T22:10+00:00,5904,0,12,0,12,20,12,20,12,2.1,2.2,12,12,4.4,12,997.9,12,,,60,12,0.0,12,0,12,,,0,12,24.4,12,23.9,12,22.5,12,22.9,12,23.1,12,22.8,12,18.4,12,18.6,12,18.4,12,6,12
2019-06-24T22:20+00:00,5904,0,12,0,12,29,12,43,12,2.6,2.7,12,12,4.1,12,997.9,12,,,61,12,0.0,12,0,12,,,0,12,24.4,12,23.9,12,22.5,12,22.4,12,22.8,12,22.4,12,18.4,12,18.6,12,18.4,12,15,12
2019-06-24T22:30+00:00,5904,0,12,0,12,21,12,32,12,2.0,2.1,12,12,4.6,12,997.9,12,,,61,12,0.0,12,0,12,,,0,12,24.4,12,23.9,12,22.5,12,22.4,12,22.6,12,22.4,12,18.2,12,18.4,12,18.2,12,27,12
2019-06-24T22:40+00:00,5904,0,12,0,12,28,12,34,12,2.1,2.2,12,12,4.5,12,997.9,12,,,60,12,0.0,12,0,12,,,0,12,24.3,12,23.9,12,22.5,12,22.6,12,22.6,12,22.3,12,18.1,12,18.2,12,18.1,12,30,12
2019-06-24T22:50+00:00,5904,0,12,0,12,28,12,29,12,2.1,2.1,12,12,3.9,12,997.9,12,,,62,12,0.0,12,0,12,,,0,12,24.3,12,23.9,12,22.5,12,22.2,12,22.5,12,22.2,12,17.9,12,18.1,12,17.9,12,41,12
2019-06-24T23:00+00:00,5904,0,12,0,11,33,12,42,12,1.4,1.5,12,12,3.1,12,998.0,12,,,66,12,0.0,12,0,12,,,0,12,24.2,12,23.9,12,22.5,12,21.7,12,22.2,12,21.7,12,17.8,12,17.9,12,17.8,12,55,12
2019-06-24T23:10+00:00,5904,0,12,0,11,27,12,34,12,1.3,1.4,12,12,3.1,12,998.0,12,,,67,12,0.0,12,0,12,,,0,12,24.2,12,23.9,12,22.5,12,21.3,12,21.6,12,21.3,12,17.6,12,17.7,12,17.6,12,8,12
2019-06-24T23:20+00:00,5904,0,12,0,12,31,12,17,12,1.6,1.6,12,12,3.8,12,998.0,12,,,68,12,0.0,12,0,12,,,0,12,24.1,12,23.9,12,22.5,12,21.1,12,21.2,12,21.0,12,17.5,12,17.6,12,17.5,12,17,12
2019-06-24T23:30+00:00,5904,0,12,0,11,27,12,52,12,1.5,1.5,12,12,2.7,12,998.0,12,,,69,12,0.0,12,0,12,,,0,12,24.1,12,23.9,12,22.5,12,20.8,12,20.9,12,20.8,12,17.3,12,17.5,12,17.3,12,24,12
2019-06-24T23:40+00:00,5904,0,11,0,12,10,12,18,12,1.5,1.6,12,12,2.8,12,997.9,12,,,70,12,0.0,12,0,12,,,0,12,24.1,12,23.9,12,22.5,12,20.8,12,20.9,12,20.8,12,17.2,12,17.3,12,17.2,12,31,12
2019-06-24T23:50+00:00,5904,0,11,0,11,12,12,20,12,1.2,1.2,12,12,2.5,12,998.0,12,,,70,12,0.0,12,0,12,,,0,12,24.0,12,23.9,12,22.6,12,20.6,12,20.8,12,20.6,12,17.1,12,17.2,12,17.1,12,41,12
2019-06-25T00:00+00:00,5904,0,11,0,11,359,12,29,12,0.7,0.7,12,12,1.5,12,997.9,12,,,72,12,0.0,12,0,12,,,0,12,24.0,12,23.9,12,22.6,12,20.6,12,20.6,12,20.5,12,17.1,12,17.1,12,17.1,12,50,12
2019-06-25T00:10+00:00,5904,0,11,0,11,329,12,340,12,0.4,0.5,12,12,1.1,12,997.9,12,,,73,12,0.0,12,0,12,,,0,12,24.0,12,23.8,12,22.6,12,20.4,12,20.5,12,20.4,12,17.2,12,17.2,12,17.1,12,1,12
2019-06-25T00:20+00:00,5904,0,12,0,11,291,12,290,12,0.9,0.9,12,12,1.2,12,997.9,12,,,74,12,0.0,12,0,12,,,0,12,23.9,12,23.8,12,22.6,12,20.1,12,20.4,12,20.1,12,17.1,12,17.2,12,17.1,12,13,12
2019-06-25T00:30+00:00,5904,0,11,0,12,276,12,275,12,0.9,0.9,12,12,1.3,12,997.9,12,,,75,12,0.0,12,0,12,,,0,12,23.9,12,23.8,12,22.6,12,20.0,12,20.1,12,20.0,12,16.9,12,17.1,12,16.9,12,28,12
2019-06-25T00:40+00:00,5904,0,12,0,12,269,12,277,12,1.2,1.2,12,12,1.9,12,997.9,12,,,75,12,0.0,12,0,12,,,0,12,23.8,12,23.8,12,22.6,12,19.9,12,20.0,12,19.9,12,16.8,12,16.9,12,16.8,12,33,12
2019-06-25T00:50+00:00,5904,0,11,0,11,268,12,277,12,1.1,1.1,12,12,1.5,12,997.9,12,,,76,12,0.0,12,0,12,,,0,12,23.8,12,23.8,12,22.6,12,19.8,12,19.9,12,19.8,12,16.8,12,16.8,12,16.8,12,49,12
2019-06-25T01:00+00:00,5904,0,12,0,12,278,12,285,12,1.3,1.3,12,12,1.9,12,997.9,12,,,77,12,0.0,12,0,12,,,0,12,23.7,12,23.8,12,22.6,12,19.6,12,19.8,12,19.6,12,16.8,12,16.8,12,16.8,12,51,12
2019-06-25T01:10+00:00,5904,0,12,0,11,289,12,290,12,1.1,1.1,12,12,1.4,12,997.9,12,,,77,12,0.0,12,0,12,,,0,12,23.7,12,23.8,12,22.6,12,19.5,12,19.6,12,19.5,12,16.8,12,16.8,12,16.8,12,0,12
2019-06-25T01:20+00:00,5904,1,11,1,11,307,12,286,12,0.6,0.7,12,12,1.0,12,997.9,12,,,78,12,0.0,12,0,12,,,0,12,23.7,12,23.8,12,22.6,12,19.2,12,19.5,12,19.2,12,16.6,12,16.8,12,16.6,12,10,12
2019-06-25T01:30+00:00,5904,1,12,1,12,47,12,28,12,0.5,0.6,12,12,1.0,12,997.9,12,,,80,12,0.0,12,0,12,,,0,12,23.6,12,23.8,12,22.6,12,19.0,12,19.2,12,19.0,12,16.5,12,16.6,12,16.5,12,21,12
2019-06-25T01:40+00:00,5904,1,12,1,12,334,12,338,12,0.7,0.8,12,12,1.5,12,997.9,12,,,81,12,0.0,12,0,12,,,0,12,23.6,12,23.7,12,22.6,12,18.9,12,19.1,12,18.9,12,16.3,12,16.5,12,16.3,12,32,12
2019-06-25T01:50+00:00,5904,1,12,1,11,304,12,283,12,0.4,0.5,12,12,1.1,12,997.8,12,,,80,12,0.0,12,0,12,,,0,12,23.5,12,23.7,12,22.6,12,19.0,12,19.0,12,18.9,12,16.3,12,16.3,12,16.3,12,45,12
2019-06-25T02:00+00:00,5904,1,12,1,11,308,12,305,12,0.6,0.7,12,12,1.1,12,997.7,12,,,81,12,0.0,12,0,12,,,0,12,23.5,12,23.7,12,22.6,12,18.9,12,19.0,12,18.8,12,16.2,12,16.3,12,16.2,12,59,12
2019-06-25T02:10+00:00,5904,0,12,0,11,307,12,297,12,0.9,0.9,12,12,1.1,12,997.7,12,,,81,12,0.0,12,0,12,,,0,12,23.5,12,23.7,12,22.6,12,18.8,12,18.9,12,18.8,12,16.2,12,16.2,12,16.2,12,1,12
2019-06-25T02:20+00:00,5904,1,12,1,11,326,12,303,12,0.5,0.6,12,12,1.0,12,997.7,12,,,82,12,0.0,12,0,12,,,0,12,23.4,12,23.7,12,22.6,12,18.6,12,18.9,12,18.6,12,16.2,12,16.2,12,16.2,12,10,12
2019-06-25T02:30+00:00,5904,1,12,1,12,50,12,20,12,0.9,0.9,12,12,1.3,12,997.7,12,,,82,12,0.0,12,0,12,,,0,12,23.4,12,23.7,12,22.6,12,18.5,12,18.6,12,18.5,12,16.1,12,16.1,12,16.1,12,23,12
2019-06-25T02:40+00:00,5904,1,12,1,11,352,12,323,12,0.4,0.5,12,12,1.3,12,997.7,12,,,84,12,0.0,12,0,12,,,0,12,23.4,12,23.7,12,22.6,12,18.3,12,18.5,12,18.3,12,15.9,12,16.1,12,15.9,12,37,12
2019-06-25T02:50+00:00,5904,4,12,3,12,59,12,36,12,0.4,0.5,12,12,1.0,12,997.8,12,,,84,12,0.0,12,0,12,,,0,12,23.3,12,23.7,12,22.6,12,18.3,12,18.4,12,18.3,12,16.0,12,16.0,12,15.9,12,40,12
2019-06-25T03:00+00:00,5904,6,12,6,11,80,12,68,12,0.9,0.9,12,12,1.4,12,997.9,12,,,84,12,0.0,12,0,12,,,0,12,23.3,12,23.6,12,22.6,12,18.1,12,18.3,12,18.1,12,15.9,12,16.0,12,15.9,12,56,12
2019-06-25T03:10+00:00,5904,11,12,10,12,58,12,15,12,0.6,0.7,12,12,1.4,12,997.9,12,,,85,12,0.0,12,0,12,,,0,12,23.3,12,23.6,12,22.6,12,18.1,12,18.1,12,18.0,12,15.9,12,15.9,12,15.9,12,5,12
2019-06-25T03:20+00:00,5904,19,12,17,12,13,12,28,12,0.8,0.9,12,12,2.3,12,997.9,12,,,85,12,0.0,12,0,12,,,0,12,23.2,12,23.6,12,22.6,12,18.0,12,18.1,12,18.0,12,16.1,12,16.1,12,15.9,12,17,12
2019-06-25T03:30+00:00,5904,30,12,23,12,31,12,28,12,1.3,1.3,12,12,2.5,12,997.9,12,,,86,12,0.0,12,0,12,,,105,12,23.2,12,23.6,12,22.6,12,18.2,12,18.2,12,18.0,12,16.3,12,16.3,12,16.1,12,21,12
2019-06-25T03:40+00:00,5904,42,12,30,12,33,12,54,12,0.9,1.0,12,12,1.8,12,997.9,12,,,86,12,0.0,12,0,12,,,600,12,23.1,12,23.6,12,22.6,12,18.2,12,18.2,12,18.1,12,16.6,12,16.6,12,16.3,12,32,12
2019-06-25T03:50+00:00,5904,57,12,36,12,41,12,43,12,1.2,1.2,12,12,2.0,12,997.9,12,,,85,12,0.0,12,0,12,,,600,12,23.1,12,23.5,12,22.6,12,18.4,12,18.4,12,18.2,12,17.0,12,17.0,12,16.6,12,47,12
2019-06-25T04:00+00:00,5904,76,12,43,12,18,12,26,12,0.7,0.8,12,12,1.5,12,997.9,12,,,83,12,0.0,12,0,12,,,600,12,23.1,12,23.5,12,22.6,12,18.8,12,18.8,12,18.4,12,17.5,12,17.5,12,17.0,12,57,12
2019-06-25T04:10+00:00,5904,96,12,50,12,9,12,15,12,0.7,0.8,12,12,1.6,12,997.9,12,,,83,12,0.0,12,0,12,,,600,12,23.1,12,23.5,12,22.6,12,18.9,12,19.0,12,18.7,12,18.1,12,18.1,12,17.5,12,5,12
2019-06-25T04:20+00:00,5904,116,12,56,12,44,12,64,12,1.0,1.1,12,12,1.9,12,998.0,12,,,80,12,0.0,12,0,12,,,600,12,23.0,12,23.5,12,22.6,12,19.3,12,19.3,12,18.9,12,19.1,12,19.1,12,18.2,12,18,12
2019-06-25T04:30+00:00,5904,140,12,63,12,55,12,51,12,1.7,1.7,12,12,2.3,12,998.2,12,,,78,12,0.0,12,0,12,,,600,12,23.0,12,23.5,12,22.6,12,19.8,12,19.8,12,19.4,12,19.7,12,19.7,12,19.3,12,27,12
2019-06-25T04:40+00:00,5904,165,12,69,12,46,12,52,12,1.4,1.4,12,12,2.3,12,998.2,12,,,77,12,0.0,12,0,12,,,600,12,23.0,12,23.5,12,22.6,12,20.0,12,20.0,12,19.8,12,19.8,12,19.8,12,19.7,12,30,12
2019-06-25T04:50+00:00,5904,191,12,73,12,64,12,46,12,0.6,0.7,12,12,1.5,12,998.3,12,,,76,12,0.0,12,0,12,,,600,12,23.0,12,23.5,12,22.6,12,20.3,12,20.3,12,20.0,12,19.9,12,19.9,12,19.8,12,40,12
2019-06-25T05:00+00:00,5904,217,12,77,12,87,12,88,12,0.3,0.4,12,12,1.0,12,998.3,12,,,74,12,0.0,12,0,12,,,600,12,23.0,12,23.4,12,22.6,12,20.7,12,20.7,12,20.3,12,20.2,12,20.2,12,19.9,12,50,12
2019-06-25T05:10+00:00,5904,243,12,82,12,103,12,123,12,0.4,0.5,12,12,1.1,12,998.3,12,,,74,12,0.0,12,0,12,,,600,12,23.0,12,23.4,12,22.6,12,21.1,12,21.1,12,20.8,12,20.7,12,20.7,12,20.2,12,6,12
2019-06-25T05:20+00:00,5904,271,12,85,12,105,12,86,12,0.3,0.4,12,12,1.1,12,998.3,12,,,72,12,0.0,12,0,12,,,600,12,22.9,12,23.4,12,22.6,12,21.7,12,21.7,12,21.2,12,21.3,12,21.3,12,20.8,12,18,12
2019-06-25T05:30+00:00,5904,298,12,90,12,101,12,86,12,0.9,1.0,12,12,1.7,12,998.4,12,,,71,12,0.0,12,0,12,,,600,12,22.9,12,23.4,12,22.6,12,22.1,12,22.1,12,21.7,12,23.7,12,23.7,12,21.3,12,26,12
2019-06-25T05:40+00:00,5904,325,12,94,12,114,12,74,12,0.8,0.9,12,12,2.2,12,998.5,12,,,69,12,0.0,12,0,12,,,600,12,22.9,12,23.4,12,22.6,12,22.6,12,22.6,12,22.1,12,26.1,12,26.1,12,23.8,12,30,12
2019-06-25T05:50+00:00,5904,354,12,98,12,102,12,100,12,0.6,0.8,12,12,2.0,12,998.5,12,,,68,12,0.0,12,0,12,,,600,12,22.9,12,23.4,12,22.6,12,23.1,12,23.1,12,22.7,12,29.8,12,29.8,12,26.4,12,46,12
2019-06-25T06:00+00:00,5904,381,12,101,12,128,12,156,12,1.0,1.2,12,12,2.7,12,998.5,12,,,68,12,0.0,12,0,12,,,600,12,22.9,12,23.3,12,22.6,12,23.4,12,23.4,12,23.1,12,31.7,12,31.7,12,29.9,12,53,12
2019-06-25T06:10+00:00,5904,405,12,104,12,108,12,82,12,1.7,1.8,12,12,3.3,12,998.5,12,,,67,12,0.0,12,0,12,,,600,12,22.9,12,23.3,12,22.6,12,23.8,12,23.8,12,23.5,12,33.3,12,33.3,12,31.8,12,6,12
2019-06-25T06:20+00:00,5904,432,12,107,12,115,12,89,12,1.8,2.0,12,12,3.9,12,998.7,12,,,67,12,0.0,12,0,12,,,600,12,22.9,12,23.3,12,22.6,12,24.1,12,24.2,12,24.0,12,34.5,12,34.5,12,33.4,12,18,12
2019-06-25T06:30+00:00,5904,459,12,111,12,96,12,97,12,3.0,3.0,12,12,4.1,12,998.7,12,,,67,12,0.0,12,0,12,,,600,12,23.0,12,23.3,12,22.6,12,24.4,12,24.4,12,24.1,12,35.8,12,35.8,12,34.6,12,22,12
2019-06-25T06:40+00:00,5904,485,12,115,12,113,12,102,12,2.8,2.9,12,12,4.8,12,998.7,12,,,66,12,0.0,12,0,12,,,600,12,23.0,12,23.3,12,22.6,12,24.1,12,24.4,12,24.1,12,35.5,12,35.9,12,35.5,12,31,12
2019-06-25T06:50+00:00,5904,510,12,120,12,110,12,102,12,2.8,3.0,12,12,5.1,12,998.8,12,,,66,12,0.0,12,0,12,,,600,12,23.0,12,23.3,12,22.6,12,24.4,12,24.5,12,24.3,12,36.0,12,36.4,12,35.5,12,42,12
2019-06-25T07:00+00:00,5904,535,12,126,12,110,12,139,12,2.3,2.5,12,12,4.5,12,998.9,12,,,66,12,0.0,12,0,12,,,600,12,23.0,12,23.3,12,22.6,12,24.8,12,24.8,12,24.4,12,36.5,12,36.7,12,36.0,12,50,12
2019-06-25T07:10+00:00,5904,560,12,127,12,111,12,93,12,2.9,3.0,12,12,5.4,12,998.8,12,,,67,12,0.0,12,0,12,,,600,12,23.0,12,23.3,12,22.6,12,24.7,12,24.8,12,24.5,12,37.0,12,37.0,12,36.4,12,3,12
2019-06-25T07:20+00:00,5904,587,12,127,12,103,12,112,12,1.8,2.0,12,12,3.5,12,998.9,12,,,66,12,0.0,12,0,12,,,600,12,23.1,12,23.3,12,22.6,12,25.3,12,25.3,12,24.8,12,38.1,12,38.1,12,37.2,12,13,12
2019-06-25T07:30+00:00,5904,609,12,129,12,94,12,84,12,2.3,2.5,12,12,4.3,12,998.9,12,,,67,12,0.0,12,0,12,,,600,12,23.1,12,23.2,12,22.6,12,25.5,12,25.5,12,25.2,12,38.5,12,38.5,12,38.2,12,25,12
2019-06-25T07:40+00:00,5904,634,12,130,12,103,12,134,12,2.3,2.5,12,12,5.1,12,998.9,12,,,66,12,0.0,12,0,12,,,600,12,23.1,12,23.2,12,22.6,12,25.7,12,25.7,12,25.3,12,37.9,12,38.4,12,37.9,12,39,12
2019-06-25T07:50+00:00,5904,655,12,135,12,121,12,109,12,2.4,2.5,12,12,5.0,12,998.9,12,,,64,12,0.0,12,0,12,,,600,12,23.2,12,23.2,12,22.6,12,26.0,12,26.2,12,25.7,12,39.0,12,39.0,12,37.9,12,47,12
2019-06-25T08:00+00:00,5904,674,12,139,12,110,12,87,12,2.2,2.4,12,12,5.2,12,998.9,12,,,65,12,0.0,12,0,12,,,600,12,23.2,12,23.2,12,22.6,12,26.5,12,26.5,12,26.0,12,39.2,12,39.3,12,38.9,12,55,12
2019-06-25T08:10+00:00,5904,697,12,150,12,109,12,123,12,3.0,3.2,12,12,5.7,12,998.9,12,,,63,12,0.0,12,0,12,,,600,12,23.3,12,23.2,12,22.6,12,26.4,12,26.7,12,26.4,12,39.3,12,39.9,12,39.2,12,6,12
2019-06-25T08:20+00:00,5904,746,12,182,12,123,12,113,12,3.4,3.5,12,12,6.0,12,998.9,12,,,63,12,0.0,12,0,12,,,600,12,23.3,12,23.2,12,22.6,12,27.3,12,27.3,12,26.6,12,40.3,12,40.3,12,39.5,12,16,12
2019-06-25T08:30+00:00,5904,760,12,266,12,134,12,126,12,2.7,3.0,12,12,5.4,12,998.9,12,,,63,12,0.0,12,0,12,,,600,12,23.4,12,23.2,12,22.6,12,27.6,12,27.7,12,27.3,12,40.5,12,41.0,12,40.4,12,26,12
2019-06-25T08:40+00:00,5904,655,12,280,12,126,12,151,12,3.2,3.5,12,12,6.0,12,998.9,12,,,61,12,0.0,12,0,12,,,514,12,23.5,12,23.2,12,22.6,12,27.5,12,27.8,12,27.5,12,39.2,12,40.7,12,39.2,12,37,12
2019-06-25T08:50+00:00,5904,615,12,291,12,105,12,116,12,4.3,4.4,12,12,6.9,12,998.9,12,,,63,12,0.0,12,0,12,,,452,12,23.5,12,23.2,12,22.6,12,27.5,12,27.7,12,27.4,12,38.2,12,39.7,12,38.2,12,49,12
2019-06-25T09:00+00:00,5904,358,12,243,11,111,12,83,12,3.8,4.0,12,12,7.1,12,999.0,12,,,64,12,0.0,12,0,12,,,138,12,23.6,12,23.2,12,22.6,12,27.0,12,27.4,12,26.9,12,34.9,12,37.7,12,34.5,12,52,12
2019-06-25T09:10+00:00,5904,775,12,258,12,113,12,107,12,4.5,4.7,12,12,7.9,12,999.0,12,,,62,12,0.0,12,0,12,,,570,12,23.7,12,23.2,12,22.6,12,27.8,12,27.8,12,27.2,12,38.0,12,38.0,12,35.7,12,2,12
2019-06-25T09:20+00:00,5904,604,12,279,12,114,12,128,12,5.1,5.2,12,12,7.6,12,999.0,12,,,60,12,0.0,12,0,12,,,400,12,23.8,12,23.2,12,22.6,12,27.7,12,27.8,12,27.4,12,37.4,12,38.7,12,36.7,12,15,12
2019-06-25T09:30+00:00,5904,762,12,228,12,114,12,116,12,5.5,5.6,12,12,8.2,12,999.0,12,,,59,12,0.0,12,0,12,,,587,12,23.8,12,23.2,12,22.6,12,28.0,12,28.2,12,27.7,12,39.4,12,39.7,12,37.5,12,24,12
2019-06-25T09:40+00:00,5904,849,12,234,12,116,12,120,12,5.1,5.3,12,12,7.5,12,998.9,12,,,58,12,0.0,12,0,12,,,588,12,23.9,12,23.2,12,22.6,12,28.4,12,28.4,12,28.1,12,40.7,12,40.7,12,39.2,12,37,12
2019-06-25T09:50+00:00,5904,800,12,227,12,108,12,93,12,5.5,5.7,12,12,9.0,12,998.9,12,,,60,12,0.0,12,0,12,,,582,12,24.0,12,23.2,12,22.6,12,28.5,12,28.5,12,28.1,12,40.3,12,41.0,12,38.9,12,41,12
2019-06-25T10:00+00:00,5904,878,12,172,12,121,12,119,12,5.2,5.3,12,12,8.2,12,998.9,12,,,58,12,0.0,12,0,12,,,600,12,24.1,12,23.2,12,22.6,12,28.7,12,28.7,12,28.3,12,40.6,12,40.7,12,40.3,12,54,12
2019-06-25T10:10+00:00,5904,883,12,168,12,113,12,121,12,5.4,5.6,12,12,8.3,12,998.9,12,,,59,12,0.0,12,0,12,,,600,12,24.1,12,23.2,12,22.6,12,28.8,12,28.8,12,28.6,12,41.2,12,41.5,12,40.8,12,5,12
2019-06-25T10:20+00:00,5904,831,12,228,12,103,12,93,12,4.7,4.9,12,12,8.4,12,998.9,12,,,59,12,0.0,12,0,12,,,570,12,24.2,12,23.2,12,22.6,12,29.0,12,29.0,12,28.5,12,41.9,12,41.9,12,40.8,12,19,12
2019-06-25T10:30+00:00,5904,726,12,223,11,109,12,105,12,5.1,5.3,12,12,9.2,12,998.9,12,,,56,12,0.0,12,0,12,,,496,12,24.3,12,23.2,12,22.6,12,28.7,12,29.1,12,28.6,12,40.3,12,42.1,12,39.7,12,26,12
2019-06-25T10:40+00:00,5904,860,12,199,12,125,12,140,12,4.2,4.5,12,12,8.9,12,998.9,12,,,57,12,0.0,12,0,12,,,578,12,24.4,12,23.2,12,22.6,12,29.4,12,29.4,12,28.8,12,41.1,12,41.1,12,40.4,12,38,12
2019-06-25T10:50+00:00,5904,892,12,175,12,126,12,141,12,5.3,5.7,12,12,9.4,12,998.9,12,,,56,12,0.0,12,0,12,,,596,12,24.5,12,23.3,12,22.6,12,29.4,12,29.4,12,29.2,12,41.9,12,42.2,12,41.3,12,47,12
2019-06-25T11:00+00:00,5904,851,12,186,12,160,12,153,12,3.2,3.5,12,12,6.6,12,998.8,12,,,54,12,0.0,12,0,12,,,563,12,24.6,12,23.3,12,22.6,12,29.5,12,29.6,12,29.2,12,42.2,12,42.2,12,40.9,12,55,12
2019-06-25T11:10+00:00,5904,763,12,188,12,121,12,146,12,3.7,4.0,12,12,7.8,12,998.8,12,,,55,12,0.0,12,0,12,,,515,12,24.7,12,23.3,12,22.6,12,29.5,12,29.6,12,29.4,12,41.6,12,42.2,12,41.0,12,9,12
2019-06-25T11:20+00:00,5904,813,12,184,12,121,12,121,12,5.6,5.8,12,12,9.5,12,998.8,12,,,54,12,0.0,12,0,12,,,579,12,24.8,12,23.3,12,22.6,12,29.6,12,29.6,12,29.4,12,40.7,12,41.5,12,40.6,12,16,12
2019-06-25T11:30+00:00,5904,870,12,172,12,132,12,129,12,4.7,5.0,12,12,8.6,12,998.9,12,,,52,12,0.0,12,0,12,,,586,12,24.9,12,23.3,12,22.6,12,29.9,12,30.0,12,29.5,12,42.8,12,42.8,12,41.0,12,29,12
2019-06-25T11:40+00:00,5904,890,12,162,12,134,12,148,12,5.4,5.7,12,12,10.3,12,998.9,12,,,50,12,0.0,12,0,12,,,600,12,25.0,12,23.3,12,22.6,12,29.8,12,29.9,12,29.6,12,41.9,12,42.6,12,41.5,12,36,12
2019-06-25T11:50+00:00,5904,785,12,189,12,141,12,128,12,4.8,5.1,12,12,9.6,12,998.8,12,,,50,12,0.0,12,0,12,,,546,12,25.1,12,23.4,12,22.6,12,29.7,12,29.9,12,29.7,12,40.9,12,41.9,12,40.7,12,45,12
2019-06-25T12:00+00:00,5904,900,12,180,12,146,12,153,12,4.9,5.1,12,12,10.0,12,998.9,12,,,49,12,0.0,12,0,12,,,600,12,25.2,12,23.4,12,22.6,12,30.2,12,30.3,12,29.8,12,42.3,12,42.3,12,40.9,12,51,12
2019-06-25T12:10+00:00,5904,846,12,176,12,154,12,130,12,5.3,5.5,12,12,9.9,12,998.8,12,,,50,12,0.0,12,0,12,,,582,12,25.3,12,23.4,12,22.6,12,30.2,12,30.2,12,30.0,12,40.8,12,42.1,12,40.6,12,7,12
2019-06-25T12:20+00:00,5904,757,12,186,12,139,12,127,12,4.9,5.1,12,12,9.6,12,998.8,12,,,51,12,0.0,12,0,12,,,517,12,25.4,12,23.4,12,22.6,12,30.0,12,30.3,12,29.9,12,40.0,12,41.2,12,39.4,12,14,12
2019-06-25T12:30+00:00,5904,858,12,154,12,139,12,143,12,4.9,5.1,12,12,10.0,12,998.7,12,,,49,12,0.0,12,0,12,,,600,12,25.5,12,23.5,12,22.5,12,30.5,12,30.5,12,30.1,12,41.6,12,41.9,12,40.4,12,23,12
2019-06-25T12:40+00:00,5904,796,12,183,12,144,12,122,12,4.9,5.2,12,12,11.0,12,998.8,12,,,51,12,0.0,12,0,12,,,599,12,25.5,12,23.5,12,22.5,12,30.6,12,30.7,12,30.6,12,41.5,12,42.3,12,41.5,12,35,12
2019-06-25T12:50+00:00,5904,682,12,220,12,137,12,139,12,5.9,6.0,12,12,8.9,12,998.7,12,,,50,12,0.0,12,0,12,,,539,12,25.6,12,23.5,12,22.5,12,30.3,12,30.6,12,30.1,12,39.7,12,41.8,12,39.7,12,48,12
2019-06-25T13:00+00:00,5904,473,12,216,11,137,12,160,12,5.2,5.4,12,12,9.6,12,998.7,12,,,50,12,0.0,12,0,12,,,333,12,25.7,12,23.5,12,22.5,12,29.7,12,30.2,12,29.7,12,36.4,12,39.4,12,36.4,12,56,12
2019-06-25T13:10+00:00,5904,730,12,204,12,136,12,134,12,3.8,4.0,12,12,8.9,12,998.7,12,,,49,12,0.0,12,0,12,,,552,12,25.8,12,23.6,12,22.5,12,30.6,12,30.6,12,29.9,12,36.7,12,37.7,12,36.7,12,9,12
2019-06-25T13:20+00:00,5904,797,12,186,12,135,12,118,12,3.8,4.2,12,12,8.7,12,998.7,12,,,50,12,0.0,12,0,12,,,599,12,25.8,12,23.6,12,22.5,12,30.8,12,31.1,12,30.6,12,39.6,12,39.6,12,36.5,12,19,12
2019-06-25T13:30+00:00,5904,802,12,194,12,154,12,170,12,4.6,4.8,12,12,8.6,12,998.5,12,,,48,12,0.0,12,0,12,,,600,12,25.9,12,23.7,12,22.5,12,30.8,12,30.9,12,30.6,12,40.5,12,40.6,12,39.7,12,24,12
2019-06-25T13:40+00:00,5904,748,12,222,12,140,12,159,12,5.3,5.6,12,12,10.1,12,998.5,12,,,49,12,0.0,12,0,12,,,589,12,25.9,12,23.7,12,22.5,12,30.8,12,30.9,12,30.6,12,40.3,12,41.0,12,40.3,12,30,12
2019-06-25T13:50+00:00,5904,714,12,183,12,137,12,153,12,5.1,5.4,12,12,9.9,12,998.4,12,,,47,12,0.0,12,0,12,,,599,12,26.0,12,23.7,12,22.5,12,30.8,12,30.8,12,30.6,12,39.9,12,40.5,12,39.9,12,40,12
2019-06-25T14:00+00:00,5904,661,12,150,12,156,12,150,12,4.9,5.1,12,12,8.2,12,998.4,12,,,45,12,0.0,12,0,12,,,583,12,26.0,12,23.7,12,22.5,12,31.0,12,31.2,12,30.8,12,37.2,12,39.7,12,37.2,12,53,12
2019-06-25T14:10+00:00,5904,606,12,165,12,145,12,149,12,4.7,4.9,12,12,9.0,12,998.4,12,,,46,12,0.0,12,0,12,,,581,12,26.1,12,23.8,12,22.5,12,30.8,12,31.0,12,30.6,12,37.2,12,37.2,12,35.4,12,6,12
2019-06-25T14:20+00:00,5904,621,12,157,12,155,12,168,12,3.9,4.3,12,12,7.0,12,998.3,12,,,47,12,0.0,12,0,12,,,600,12,26.2,12,23.8,12,22.6,12,31.2,12,31.2,12,30.8,12,38.8,12,38.8,12,37.4,12,18,12
2019-06-25T14:30+00:00,5904,573,12,168,12,133,12,127,12,4.0,4.3,12,12,8.3,12,998.3,12,,,47,12,0.0,12,0,12,,,562,12,26.2,12,23.8,12,22.6,12,31.1,12,31.3,12,31.1,12,39.5,12,40.0,12,39.0,12,27,12
2019-06-25T14:40+00:00,5904,566,12,156,12,138,12,126,12,4.1,4.4,12,12,7.8,12,998.2,12,,,49,12,0.0,12,0,12,,,578,12,26.3,12,23.9,12,22.6,12,31.2,12,31.3,12,30.9,12,40.0,12,40.0,12,39.5,12,31,12
2019-06-25T14:50+00:00,5904,572,12,144,12,140,12,145,12,4.8,4.9,12,12,8.0,12,998.3,12,,,48,12,0.0,12,0,12,,,591,12,26.3,12,23.9,12,22.6,12,31.1,12,31.3,12,31.0,12,39.7,12,40.1,12,39.5,12,40,12
2019-06-25T15:00+00:00,5904,540,12,141,12,143,12,126,12,3.4,3.5,12,12,6.6,12,998.2,12,,,48,12,0.0,12,0,12,,,600,12,26.3,12,24.0,12,22.6,12,31.4,12,31.4,12,30.8,12,39.8,12,39.8,12,39.1,12,50,12
2019-06-25T15:10+00:00,5904,440,12,138,12,152,12,157,12,4.3,4.5,12,12,8.8,12,998.2,12,,,48,12,0.0,12,0,12,,,518,12,26.4,12,24.0,12,22.6,12,31.0,12,31.4,12,31.0,12,38.6,12,40.2,12,38.3,12,6,12
2019-06-25T15:20+00:00,5904,483,12,136,12,142,12,134,12,4.2,4.5,12,12,7.5,12,998.2,12,,,48,12,0.0,12,0,12,,,583,12,26.4,12,24.0,12,22.6,12,30.9,12,31.1,12,30.8,12,38.0,12,38.6,12,38.0,12,16,12
2019-06-25T15:30+00:00,5904,467,12,132,12,154,12,153,12,4.6,4.7,12,12,7.6,12,998.2,12,,,48,12,0.0,12,0,12,,,600,12,26.4,12,24.0,12,22.6,12,30.9,12,31.0,12,30.7,12,34.8,12,38.0,12,34.8,12,21,12
2019-06-25T15:40+00:00,5904,447,12,124,12,154,12,132,12,3.0,3.3,12,12,6.6,12,998.2,12,,,48,12,0.0,12,0,12,,,600,12,26.5,12,24.1,12,22.6,12,31.2,12,31.2,12,30.8,12,31.8,12,34.5,12,31.8,12,31,12
2019-06-25T15:50+00:00,5904,380,12,131,12,139,12,132,12,4.4,4.6,12,12,8.1,12,998.1,12,,,49,12,0.0,12,0,12,,,596,12,26.5,12,24.1,12,22.6,12,30.8,12,31.2,12,30.6,12,30.5,12,31.8,12,30.5,12,40,12
2019-06-25T16:00+00:00,5904,395,12,120,12,141,12,142,12,3.9,4.2,12,12,8.0,12,998.1,12,,,49,12,0.0,12,0,12,,,600,12,26.5,12,24.1,12,22.6,12,30.9,12,30.9,12,30.6,12,29.7,12,30.4,12,29.7,12,53,12
2019-06-25T16:10+00:00,5904,329,12,108,12,157,12,155,12,3.9,4.1,12,12,7.7,12,998.1,12,,,48,12,0.0,12,0,12,,,540,12,26.5,12,24.2,12,22.6,12,30.3,12,30.9,12,30.3,12,28.9,12,29.6,12,28.9,12,6,12
2019-06-25T16:20+00:00,5904,293,12,103,12,139,12,145,12,4.0,4.3,12,12,9.3,12,998.1,12,,,50,12,0.0,12,0,12,,,572,12,26.5,12,24.2,12,22.6,12,30.0,12,30.3,12,30.0,12,29.2,12,29.2,12,28.8,12,16,12
2019-06-25T16:30+00:00,5904,307,12,95,12,149,12,138,12,4.3,4.5,12,12,8.6,12,998.1,12,,,50,12,0.0,12,0,12,,,600,12,26.5,12,24.2,12,22.6,12,29.9,12,30.0,12,29.9,12,28.7,12,29.2,12,28.7,12,27,12
2019-06-25T16:40+00:00,5904,279,12,87,12,148,12,182,12,4.3,4.5,12,12,7.7,12,998.1,12,,,50,12,0.0,12,0,12,,,600,12,26.5,12,24.2,12,22.6,12,29.8,12,29.8,12,29.8,12,28.3,12,28.7,12,28.3,12,31,12
2019-06-25T16:50+00:00,5904,246,12,81,12,149,12,154,12,4.0,4.1,12,12,7.5,12,998.1,12,,,49,12,0.0,12,0,12,,,600,12,26.5,12,24.3,12,22.6,12,29.7,12,29.8,12,29.6,12,28.0,12,28.3,12,28.0,12,40,12
2019-06-25T17:00+00:00,5904,224,12,75,12,142,12,130,12,3.5,3.7,12,12,7.0,12,998.1,12,,,51,12,0.0,12,0,12,,,600,12,26.5,12,24.3,12,22.6,12,29.5,12,29.6,12,29.5,12,27.6,12,27.9,12,27.6,12,58,12
2019-06-25T17:10+00:00,5904,199,12,69,12,147,12,149,12,4.0,4.2,12,12,7.9,12,998.1,12,,,50,12,0.0,12,0,12,,,600,12,26.4,12,24.3,12,22.6,12,29.5,12,29.5,12,29.5,12,27.5,12,27.5,12,27.4,12,1,12
2019-06-25T17:20+00:00,5904,178,12,65,12,145,12,161,12,3.8,4.0,12,12,6.7,12,998.1,12,,,51,12,0.0,12,0,12,,,600,12,26.4,12,24.4,12,22.6,12,29.4,12,29.5,12,29.4,12,27.2,12,27.4,12,27.2,12,15,12
2019-06-25T17:30+00:00,5904,151,12,59,12,145,12,135,12,3.4,3.6,12,12,6.8,12,998.2,12,,,53,12,0.0,12,0,12,,,600,12,26.4,12,24.4,12,22.6,12,29.0,12,29.3,12,29.0,12,26.9,12,27.2,12,26.9,12,24,12
2019-06-25T17:40+00:00,5904,126,12,54,12,146,12,135,12,3.4,3.6,12,12,7.2,12,998.2,12,,,52,12,0.0,12,0,12,,,600,12,26.4,12,24.4,12,22.6,12,28.9,12,29.1,12,28.8,12,26.6,12,26.9,12,26.6,12,38,12
2019-06-25T17:50+00:00,5904,105,12,49,12,141,12,162,12,4.5,4.7,12,12,7.8,12,998.3,12,,,53,12,0.0,12,0,12,,,600,12,26.3,12,24.4,12,22.6,12,29.0,12,29.0,12,28.9,12,26.7,12,26.7,12,26.6,12,46,12
2019-06-25T18:00+00:00,5904,84,12,42,12,139,12,136,12,4.0,4.1,12,12,7.2,12,998.3,12,,,54,12,0.0,12,0,12,,,600,12,26.3,12,24.4,12,22.6,12,28.8,12,29.0,12,28.7,12,26.4,12,26.7,12,26.4,12,57,12
2019-06-25T18:10+00:00,5904,65,12,36,12,136,12,141,12,5.0,5.1,12,12,8.0,12,998.3,12,,,54,12,0.0,12,0,12,,,600,12,26.3,12,24.5,12,22.6,12,28.7,12,28.8,12,28.7,12,26.4,12,26.5,12,26.4,12,9,12
2019-06-25T18:20+00:00,5904,46,12,29,12,137,12,129,12,4.1,4.3,12,12,7.2,12,998.3,12,,,54,12,0.0,12,0,12,,,600,12,26.2,12,24.5,12,22.7,12,28.6,12,28.7,12,28.6,12,26.1,12,26.3,12,26.1,12,13,12
2019-06-25T18:30+00:00,5904,24,12,20,12,140,12,127,12,3.5,3.6,12,12,7.0,12,998.3,12,,,54,12,0.0,12,0,12,,,146,12,26.2,12,24.5,12,22.7,12,28.4,12,28.5,12,28.4,12,25.7,12,26.0,12,25.7,12,25,12
2019-06-25T18:40+00:00,5904,11,12,11,11,141,12,151,12,3.3,3.4,12,12,6.2,12,998.3,12,,,55,12,0.0,12,0,12,,,0,12,26.2,12,24.5,12,22.7,12,28.2,12,28.4,12,28.2,12,25.2,12,25.6,12,25.2,12,33,12
2019-06-25T18:50+00:00,5904,7,12,7,11,139,12,143,12,3.6,3.7,12,12,5.8,12,998.4,12,,,55,12,0.0,12,0,12,,,0,12,26.1,12,24.5,12,22.7,12,28.1,12,28.1,12,28.0,12,24.6,12,25.2,12,24.6,12,41,12
2019-06-25T19:00+00:00,5904,4,12,3,11,139,12,126,12,2.9,2.9,12,12,4.8,12,998.4,12,,,57,12,0.0,12,0,12,,,0,12,26.1,12,24.5,12,22.7,12,27.8,12,28.1,12,27.8,12,24.1,12,24.6,12,24.1,12,50,12
2019-06-25T19:10+00:00,5904,2,12,2,11,141,12,138,12,2.8,2.9,12,12,4.8,12,998.5,12,,,57,12,0.0,12,0,12,,,0,12,26.0,12,24.5,12,22.7,12,27.7,12,27.8,12,27.7,12,24.2,12,24.2,12,24.0,12,4,12
2019-06-25T19:20+00:00,5904,1,12,1,11,137,12,170,12,2.8,3.0,12,12,5.4,12,998.7,12,,,58,12,0.0,12,0,12,,,0,12,26.0,12,24.5,12,22.7,12,27.6,12,27.8,12,27.6,12,24.0,12,24.3,12,24.0,12,11,12
2019-06-25T19:30+00:00,5904,0,12,0,12,142,12,141,12,2.7,2.8,12,12,5.5,12,998.8,12,,,59,12,0.0,12,0,12,,,0,12,25.9,12,24.5,12,22.7,12,27.4,12,27.6,12,27.4,12,23.8,12,24.1,12,23.8,12,26,12
2019-06-25T19:40+00:00,5904,0,12,0,12,144,12,164,12,2.7,2.8,12,12,6.2,12,998.8,12,,,59,12,0.0,12,0,12,,,0,12,25.9,12,24.6,12,22.7,12,27.3,12,27.4,12,27.3,12,23.7,12,23.8,12,23.7,12,39,12
2019-06-25T19:50+00:00,5904,0,12,0,12,148,12,168,12,3.0,3.0,12,12,6.1,12,998.9,12,,,60,12,0.0,12,0,12,,,0,12,25.9,12,24.6,12,22.7,12,27.2,12,27.3,12,27.1,12,23.3,12,23.7,12,23.2,12,43,12
2019-06-25T20:00+00:00,5904,0,12,0,12,142,12,141,12,3.4,3.5,12,12,5.8,12,999.0,12,,,60,12,0.0,12,0,12,,,0,12,25.8,12,24.6,12,22.7,12,27.0,12,27.1,12,27.0,12,23.2,12,23.4,12,23.2,12,51,12
2019-06-25T20:10+00:00,5904,0,12,0,12,144,12,142,12,3.0,3.1,12,12,5.3,12,998.9,12,,,61,12,0.0,12,0,12,,,0,12,25.8,12,24.6,12,22.7,12,26.8,12,27.0,12,26.8,12,23.1,12,23.3,12,23.1,12,4,12
2019-06-25T20:20+00:00,5904,0,12,0,12,146,12,139,12,2.6,2.7,12,12,5.7,12,998.9,12,,,62,12,0.0,12,0,12,,,0,12,25.8,12,24.6,12,22.7,12,26.7,12,26.9,12,26.6,12,23.1,12,23.3,12,23.1,12,15,12
2019-06-25T20:30+00:00,5904,0,12,0,11,151,12,166,12,3.1,3.1,12,12,5.7,12,998.9,12,,,62,12,0.0,12,0,12,,,0,12,25.7,12,24.6,12,22.8,12,26.7,12,26.7,12,26.6,12,23.1,12,23.1,12,22.8,12,28,12
2019-06-25T20:40+00:00,5904,0,12,0,11,156,12,152,12,3.1,3.2,12,12,5.7,12,998.9,12,,,62,12,0.0,12,0,12,,,0,12,25.7,12,24.6,12,22.8,12,26.6,12,26.7,12,26.6,12,23.2,12,23.4,12,23.1,12,38,12
2019-06-25T20:50+00:00,5904,0,12,0,11,158,12,163,12,3.2,3.3,12,12,6.5,12,999.0,12,,,62,12,0.0,12,0,12,,,0,12,25.6,12,24.6,12,22.8,12,26.5,12,26.5,12,26.4,12,23.2,12,23.3,12,23.2,12,40,12
2019-06-25T21:00+00:00,5904,0,12,0,11,161,12,160,12,3.2,3.4,12,12,6.1,12,999.1,12,,,64,12,0.0,12,0,12,,,0,12,25.6,12,24.6,12,22.8,12,26.3,12,26.5,12,26.3,12,23.2,12,23.3,12,23.0,12,54,12
2019-06-25T21:10+00:00,5904,0,12,0,11,169,12,157,12,2.9,3.0,12,12,5.2,12,999.2,12,,,64,12,0.0,12,0,12,,,0,12,25.6,12,24.6,12,22.8,12,26.3,12,26.3,12,26.2,12,23.3,12,23.3,12,23.1,12,7,12
2019-06-25T21:20+00:00,5904,0,12,0,11,167,12,151,12,3.5,3.6,12,12,5.7,12,999.3,12,,,64,12,0.0,12,0,12,,,0,12,25.5,12,24.6,12,22.8,12,26.2,12,26.2,12,26.2,12,23.3,12,23.5,12,23.3,12,11,12
2019-06-25T21:30+00:00,5904,0,12,0,11,170,12,157,12,3.4,3.5,12,12,6.6,12,999.3,12,,,65,12,0.0,12,0,12,,,0,12,25.5,12,24.6,12,22.8,12,26.0,12,26.1,12,26.0,12,23.1,12,23.3,12,23.1,12,29,12
2019-06-25T21:40+00:00,5904,0,12,0,11,177,12,188,12,3.4,3.5,12,12,6.1,12,999.3,12,,,66,12,0.0,12,0,12,,,0,12,25.5,12,24.6,12,22.8,12,25.9,12,26.2,12,25.9,12,23.4,12,23.4,12,23.1,12,31,12
2019-06-25T21:50+00:00,5904,0,12,0,11,184,12,189,12,2.8,2.9,12,12,6.1,12,999.3,12,,,66,12,0.0,12,0,12,,,0,12,25.4,12,24.6,12,22.8,12,25.7,12,25.9,12,25.7,12,22.7,12,23.3,12,22.7,12,43,12
2019-06-25T22:00+00:00,5904,0,12,0,11,196,12,195,12,3.0,3.1,12,12,6.1,12,999.4,12,,,67,12,0.0,12,0,12,,,0,12,25.4,12,24.6,12,22.8,12,25.6,12,25.6,12,25.5,12,22.7,12,22.7,12,22.4,12,58,12
2019-06-25T22:10+00:00,5904,0,11,0,11,193,12,190,12,2.8,2.9,12,12,5.7,12,999.4,12,,,67,12,0.0,12,0,12,,,0,12,25.3,12,24.6,12,22.8,12,25.6,12,25.6,12,25.6,12,22.6,12,22.9,12,22.6,12,1,12
2019-06-25T22:20+00:00,5904,0,12,0,11,200,12,208,12,2.7,2.8,12,12,5.1,12,999.3,12,,,68,12,0.0,12,0,12,,,0,12,25.3,12,24.6,12,22.8,12,25.3,12,25.6,12,25.3,12,22.3,12,22.6,12,22.3,12,12,12
2019-06-25T22:30+00:00,5904,0,12,0,11,192,12,175,12,2.3,2.4,12,12,3.5,12,999.3,12,,,69,12,0.0,12,0,12,,,0,12,25.3,12,24.6,12,22.8,12,25.1,12,25.3,12,25.0,12,21.6,12,22.3,12,21.6,12,21,12
2019-06-25T22:40+00:00,5904,0,12,0,11,188,12,175,12,2.3,2.4,12,12,3.7,12,999.3,12,,,70,12,0.0,12,0,12,,,0,12,25.2,12,24.6,12,22.8,12,24.8,12,25.0,12,24.8,12,21.7,12,22.1,12,21.6,12,30,12
2019-06-25T22:50+00:00,5904,0,12,0,11,187,12,199,12,3.4,3.5,12,12,5.8,12,999.2,12,,,70,12,0.0,12,0,12,,,0,12,25.2,12,24.5,12,22.8,12,24.8,12,25.0,12,24.8,12,22.0,12,22.0,12,21.7,12,43,12
2019-06-25T23:00+00:00,5904,0,12,0,11,188,12,177,12,3.6,3.7,12,12,5.9,12,999.2,12,,,69,12,0.0,12,0,12,,,0,12,25.2,12,24.5,12,22.9,12,24.9,12,24.9,12,24.8,12,21.9,12,21.9,12,21.8,12,51,12
2019-06-25T23:10+00:00,5904,0,12,0,11,196,12,198,12,3.3,3.3,12,12,5.2,12,999.2,12,,,70,12,0.0,12,0,12,,,0,12,25.1,12,24.5,12,22.9,12,24.8,12,24.9,12,24.8,12,21.9,12,22.0,12,21.9,12,7,12
2019-06-25T23:20+00:00,5904,0,12,0,11,201,12,208,12,3.1,3.1,12,12,4.8,12,999.2,12,,,70,12,0.0,12,0,12,,,0,12,25.1,12,24.5,12,22.9,12,24.6,12,24.8,12,24.6,12,21.6,12,21.9,12,21.6,12,15,12
2019-06-25T23:30+00:00,5904,0,12,0,11,202,12,189,12,3.1,3.2,12,12,4.9,12,999.1,12,,,71,12,0.0,12,0,12,,,0,12,25.1,12,24.5,12,22.9,12,24.5,12,24.6,12,24.5,12,21.5,12,21.6,12,21.5,12,29,12
2019-06-25T23:40+00:00,5904,0,12,0,11,204,12,209,12,2.9,2.9,12,12,5.6,12,999.0,12,,,71,12,0.0,12,0,12,,,0,12,25.0,12,24.5,12,22.9,12,24.4,12,24.5,12,24.4,12,21.4,12,21.5,12,21.3,12,36,12
2019-06-25T23:50+00:00,5904,0,12,0,11,207,12,221,12,2.6,2.6,12,12,4.6,12,998.9,12,,,71,12,0.0,12,0,12,,,0,12,25.0,12,24.5,12,22.9,12,24.4,12,24.5,12,24.4,12,21.2,12,21.4,12,21.2,12,40,12
2019-06-26T00:00+00:00,5904,0,12,0,11,203,12,189,12,2.4,2.5,12,12,4.4,12,998.9,12,,,71,12,0.0,12,0,12,,,0,12,24.9,12,24.5,12,22.9,12,24.3,12,24.4,12,24.2,12,21.3,12,21.4,12,21.2,12,50,12
2019-06-26T00:10+00:00,5904,0,12,0,11,214,12,196,12,2.6,2.6,12,12,3.9,12,998.8,12,,,73,12,0.0,12,0,12,,,0,12,24.9,12,24.5,12,22.9,12,24.0,12,24.2,12,24.0,12,21.1,12,21.3,12,21.1,12,0,12
2019-06-26T00:20+00:00,5904,0,11,0,11,223,12,218,12,2.2,2.3,12,12,3.6,12,998.8,12,,,74,12,0.0,12,0,12,,,0,12,24.9,12,24.5,12,22.9,12,23.7,12,24.0,12,23.7,12,20.7,12,21.1,12,20.7,12,11,12
2019-06-26T00:30+00:00,5904,0,11,0,11,240,12,241,12,2.1,2.1,12,12,3.1,12,998.7,12,,,75,12,0.0,12,0,12,,,0,12,24.9,12,24.5,12,22.9,12,23.5,12,23.8,12,23.5,12,20.1,12,20.7,12,20.1,12,20,12
2019-06-26T00:40+00:00,5904,0,11,0,11,248,12,243,12,2.1,2.1,12,12,3.0,12,998.8,12,,,76,12,0.0,12,0,12,,,0,12,24.8,12,24.5,12,22.9,12,23.2,12,23.5,12,23.2,12,19.7,12,20.1,12,19.7,12,31,12
2019-06-26T00:50+00:00,5904,0,11,0,11,245,12,238,12,2.0,2.1,12,12,2.9,12,998.7,12,,,78,12,0.0,12,0,12,,,0,12,24.8,12,24.5,12,22.9,12,22.9,12,23.2,12,22.9,12,19.2,12,19.6,12,19.2,12,40,12
2019-06-26T01:00+00:00,5904,0,11,0,11,216,12,197,12,2.3,2.4,12,12,4.1,12,998.7,12,,,78,12,0.0,12,0,12,,,0,12,24.8,12,24.4,12,22.9,12,22.7,12,22.9,12,22.7,12,18.9,12,19.1,12,18.9,12,55,12
2019-06-26T01:10+00:00,5904,0,12,0,12,218,12,208,12,2.0,2.0,12,12,3.0,12,998.5,12,,,80,12,0.0,12,0,12,,,0,12,24.7,12,24.4,12,22.9,12,22.5,12,22.7,12,22.5,12,18.6,12,18.8,12,18.6,12,7,12
2019-06-26T01:20+00:00,5904,0,12,0,12,220,12,222,12,1.8,1.9,12,12,2.7,12,998.4,12,,,80,12,0.0,12,0,12,,,0,12,24.7,12,24.4,12,23.0,12,22.4,12,22.5,12,22.4,12,18.4,12,18.6,12,18.4,12,16,12
2019-06-26T01:30+00:00,5904,0,12,0,12,208,12,213,12,1.9,1.9,12,12,3.2,12,998.4,12,,,80,12,0.0,12,0,12,,,0,12,24.6,12,24.4,12,23.0,12,22.2,12,22.3,12,22.2,12,18.2,12,18.4,12,18.2,12,29,12
2019-06-26T01:40+00:00,5904,0,12,0,12,219,12,206,12,1.6,1.6,12,12,2.8,12,998.3,12,,,80,12,0.0,12,0,12,,,0,12,24.6,12,24.4,12,23.0,12,22.2,12,22.2,12,22.1,12,18.1,12,18.2,12,18.1,12,30,12
2019-06-26T01:50+00:00,5904,0,11,0,12,223,12,228,12,1.9,1.9,12,12,2.7,12,998.2,12,,,81,12,0.0,12,0,12,,,0,12,24.6,12,24.4,12,23.0,12,21.9,12,22.2,12,21.9,12,17.9,12,18.0,12,17.9,12,45,12
2019-06-26T02:00+00:00,5904,0,11,0,12,213,12,212,12,1.6,1.6,12,12,2.3,12,998.2,12,,,82,12,0.0,12,0,12,,,0,12,24.5,12,24.4,12,23.0,12,21.9,12,21.9,12,21.8,12,17.7,12,17.9,12,17.7,12,50,12
2019-06-26T02:10+00:00,5904,0,11,0,11,251,12,258,12,1.9,1.9,12,12,2.5,12,998.2,12,,,82,12,0.0,12,0,12,,,0,12,24.5,12,24.4,12,23.0,12,21.8,12,21.9,12,21.7,12,18.1,12,18.1,12,17.8,12,6,12
2019-06-26T02:20+00:00,5904,0,11,0,11,237,12,234,12,1.4,1.4,12,12,2.1,12,998.1,12,,,83,12,0.0,12,0,12,,,0,12,24.5,12,24.4,12,23.0,12,21.5,12,21.8,12,21.5,12,17.7,12,18.1,12,17.7,12,19,12
2019-06-26T02:30+00:00,5904,0,11,0,11,249,12,254,12,2.1,2.1,12,12,2.5,12,998.1,12,,,83,12,0.0,12,0,12,,,0,12,24.4,12,24.4,12,23.0,12,21.5,12,21.5,12,21.5,12,17.7,12,17.7,12,17.6,12,24,12
2019-06-26T02:40+00:00,5904,0,11,0,11,225,12,241,12,1.8,1.9,12,12,2.4,12,998.1,12,,,84,12,0.0,12,0,12,,,0,12,24.4,12,24.3,12,23.0,12,21.2,12,21.4,12,21.2,12,17.5,12,17.7,12,17.5,12,31,12
2019-06-26T02:50+00:00,5904,1,12,1,11,247,12,261,12,2.0,2.0,12,12,2.5,12,998.2,12,,,84,12,0.0,12,0,12,,,0,12,24.3,12,24.3,12,23.0,12,21.2,12,21.2,12,21.2,12,17.7,12,17.7,12,17.6,12,45,12
2019-06-26T03:00+00:00,5904,3,12,3,11,230,12,230,12,2.0,2.0,12,12,2.5,12,998.1,12,,,84,12,0.0,12,0,12,,,0,12,24.3,12,24.3,12,23.0,12,21.1,12,21.2,12,21.1,12,17.5,12,17.7,12,17.5,12,53,12
2019-06-26T03:10+00:00,5904,8,12,7,12,192,12,204,12,1.6,1.7,12,12,2.3,12,998.2,12,,,85,12,0.0,12,0,12,,,0,12,24.2,12,24.3,12,23.0,12,21.0,12,21.2,12,21.0,12,17.3,12,17.5,12,17.3,12,2,12
2019-06-26T03:20+00:00,5904,15,12,12,12,176,12,164,12,1.5,1.5,12,12,2.3,12,998.2,12,,,86,12,0.0,12,0,12,,,0,12,24.2,12,24.3,12,23.0,12,20.8,12,20.9,12,20.8,12,17.4,12,17.4,12,17.3,12,19,12
2019-06-26T03:30+00:00,5904,28,12,19,12,162,12,176,12,1.2,1.2,12,12,2.3,12,998.1,12,,,86,12,0.0,12,0,12,,,493,12,24.2,12,24.3,12,23.0,12,20.8,12,20.8,12,20.8,12,17.5,12,17.5,12,17.3,12,20,12
2019-06-26T03:40+00:00,5904,44,12,26,12,149,12,154,12,0.6,0.7,12,12,2.0,12,998.2,12,,,86,12,0.0,12,0,12,,,599,12,24.1,12,24.2,12,23.0,12,20.9,12,20.9,12,20.8,12,18.0,12,18.0,12,17.6,12,30,12
2019-06-26T03:50+00:00,5904,57,12,30,12,160,12,151,12,0.6,0.7,12,12,2.6,12,998.3,12,,,86,12,0.0,12,0,12,,,600,12,24.1,12,24.2,12,23.0,12,21.1,12,21.1,12,21.0,12,18.4,12,18.4,12,18.1,12,40,12
2019-06-26T04:00+00:00,5904,72,12,35,12,253,12,286,12,0.4,0.5,12,12,1.1,12,998.4,12,,,86,12,0.0,12,0,12,,,600,12,24.1,12,24.2,12,23.0,12,21.2,12,21.2,12,21.1,12,18.6,12,18.6,12,18.5,12,54,12
2019-06-26T04:10+00:00,5904,86,12,40,12,266,12,112,12,0.3,0.5,12,12,1.0,12,998.3,12,,,86,12,0.0,12,0,12,,,600,12,24.0,12,24.2,12,23.0,12,21.3,12,21.3,12,21.2,12,19.2,12,19.2,12,18.6,12,6,12
2019-06-26T04:20+00:00,5904,110,12,46,12,249,12,282,12,0.1,0.3,12,12,0.8,12,998.4,12,,,85,12,0.0,12,0,12,,,600,12,24.0,12,24.2,12,23.0,12,21.7,12,21.7,12,21.4,12,20.3,12,20.3,12,19.3,12,10,12
2019-06-26T04:30+00:00,5904,141,12,53,12,96,12,66,12,0.1,0.2,12,12,0.7,12,998.4,12,,,85,12,0.0,12,0,12,,,600,12,24.0,12,24.2,12,23.0,12,21.9,12,21.9,12,21.7,12,20.5,12,20.6,12,20.5,12,29,12
2019-06-26T04:40+00:00,5904,163,12,57,12,55,12,60,12,0.6,0.7,12,12,1.2,12,998.5,12,,,82,12,0.0,12,0,12,,,600,12,24.0,12,24.2,12,23.0,12,22.4,12,22.4,12,21.9,12,20.7,12,20.7,12,20.6,12,40,12
2019-06-26T04:50+00:00,5904,192,12,61,12,83,12,67,12,0.8,0.8,12,12,1.3,12,998.5,12,,,80,12,0.0,12,0,12,,,600,12,24.0,12,24.1,12,23.0,12,22.9,12,22.9,12,22.4,12,20.9,12,20.9,12,20.7,12,49,12
2019-06-26T05:00+00:00,5904,220,12,66,12,95,12,111,12,0.6,0.7,12,12,1.2,12,998.5,12,,,76,12,0.0,12,0,12,,,600,12,23.9,12,24.1,12,23.0,12,23.4,12,23.4,12,23.0,12,21.3,12,21.3,12,20.9,12,53,12
2019-06-26T05:10+00:00,5904,247,12,70,12,93,12,89,12,1.2,1.2,12,12,2.5,12,998.5,12,,,76,12,0.0,12,0,12,,,600,12,23.9,12,24.1,12,23.0,12,24.0,12,24.0,12,23.4,12,21.9,12,21.9,12,21.4,12,6,12
2019-06-26T05:20+00:00,5904,284,12,74,12,114,12,129,12,1.5,1.5,12,12,2.6,12,998.5,12,,,73,12,0.0,12,0,12,,,600,12,23.9,12,24.1,12,23.0,12,24.5,12,24.5,12,24.0,12,22.6,12,22.6,12,22.0,12,16,12
2019-06-26T05:30+00:00,5904,314,12,80,12,108,12,117,12,1.8,1.9,12,12,2.6,12,998.7,12,,,72,12,0.0,12,0,12,,,600,12,23.9,12,24.1,12,23.0,12,24.9,12,24.9,12,24.5,12,25.2,12,25.2,12,22.6,12,23,12
2019-06-26T05:40+00:00,5904,344,12,85,12,122,12,105,12,2.1,2.2,12,12,3.0,12,998.7,12,,,69,12,0.0,12,0,12,,,600,12,23.9,12,24.1,12,23.0,12,25.3,12,25.3,12,24.9,12,27.8,12,27.8,12,25.4,12,30,12
2019-06-26T05:50+00:00,5904,364,12,87,12,124,12,156,12,1.7,1.9,12,12,3.2,12,998.7,12,,,69,12,0.0,12,0,12,,,600,12,23.9,12,24.1,12,23.0,12,25.5,12,25.5,12,25.2,12,31.9,12,31.9,12,28.2,12,40,12
2019-06-26T06:00+00:00,5904,395,12,90,12,135,12,125,12,1.8,2.0,12,12,3.4,12,998.8,12,,,69,12,0.0,12,0,12,,,600,12,23.9,12,24.0,12,23.0,12,26.0,12,26.0,12,25.6,12,34.5,12,34.5,12,32.2,12,52,12
2019-06-26T06:10+00:00,5904,423,12,90,12,142,12,118,12,1.0,1.1,12,12,2.7,12,998.7,12,,,66,12,0.0,12,0,12,,,600,12,23.9,12,24.0,12,23.0,12,26.2,12,26.3,12,26.0,12,35.6,12,35.7,12,34.7,12,2,12
2019-06-26T06:20+00:00,5904,447,12,90,12,138,12,179,12,1.2,1.3,12,12,2.6,12,998.8,12,,,66,12,0.0,12,0,12,,,600,12,23.9,12,24.0,12,23.0,12,26.7,12,26.7,12,26.2,12,37.2,12,37.2,12,35.7,12,19,12
2019-06-26T06:30+00:00,5904,478,12,90,12,162,12,164,12,1.2,1.3,12,12,2.7,12,998.8,12,,,64,12,0.0,12,0,12,,,600,12,23.9,12,24.0,12,23.0,12,27.0,12,27.0,12,26.6,12,38.6,12,38.6,12,37.2,12,22,12
2019-06-26T06:40+00:00,5904,504,12,92,12,178,12,172,12,1.5,1.7,12,12,3.7,12,998.8,12,,,63,12,0.0,12,0,12,,,600,12,24.0,12,24.0,12,23.0,12,27.3,12,27.4,12,27.0,12,39.1,12,39.1,12,38.9,12,36,12
2019-06-26T06:50+00:00,5904,531,12,94,12,175,12,194,12,2.3,2.5,12,12,4.0,12,998.8,12,,,60,12,0.0,12,0,12,,,600,12,24.0,12,24.0,12,23.0,12,27.6,12,27.7,12,27.4,12,39.7,12,39.7,12,39.2,12,41,12
2019-06-26T07:00+00:00,5904,555,12,97,12,172,12,192,12,2.4,2.7,12,12,4.9,12,998.9,12,,,62,12,0.0,12,0,12,,,600,12,24.0,12,24.0,12,23.0,12,27.9,12,27.9,12,27.6,12,40.2,12,40.2,12,39.1,12,52,12
2019-06-26T07:10+00:00,5904,580,12,98,12,167,12,197,12,2.2,2.3,12,12,4.3,12,998.9,12,,,58,12,0.0,12,0,12,,,600,12,24.0,12,24.0,12,23.0,12,28.0,12,28.2,12,27.9,12,40.4,12,40.4,12,40.1,12,6,12
2019-06-26T07:20+00:00,5904,604,12,100,12,142,12,131,12,2.2,2.4,12,12,3.8,12,998.9,12,,,59,12,0.0,12,0,12,,,600,12,24.1,12,23.9,12,23.0,12,28.2,12,28.2,12,28.0,12,40.4,12,40.5,12,39.9,12,12,12
2019-06-26T07:30+00:00,5904,626,12,101,12,169,12,192,12,2.6,2.8,12,12,6.0,12,999.0,12,,,58,12,0.0,12,0,12,,,600,12,24.1,12,23.9,12,23.0,12,28.5,12,28.5,12,28.1,12,40.1,12,40.6,12,39.9,12,29,12
2019-06-26T07:40+00:00,5904,650,12,102,12,184,12,199,12,2.0,2.3,12,12,5.0,12,998.9,12,,,59,12,0.0,12,0,12,,,600,12,24.1,12,23.9,12,23.0,12,29.1,12,29.1,12,28.6,12,41.1,12,41.1,12,40.2,12,30,12
2019-06-26T07:50+00:00,5904,672,12,103,12,156,12,160,12,2.9,3.0,12,12,4.9,12,998.9,12,,,55,12,0.0,12,0,12,,,600,12,24.2,12,23.9,12,23.0,12,29.2,12,29.2,12,29.0,12,41.1,12,41.5,12,41.0,12,46,12
2019-06-26T08:00+00:00,5904,693,12,104,12,148,12,141,12,2.9,3.0,12,12,6.0,12,998.9,12,,,54,12,0.0,12,0,12,,,600,12,24.2,12,23.9,12,23.0,12,29.2,12,29.5,12,29.2,12,41.1,12,41.8,12,41.1,12,58,12
2019-06-26T08:10+00:00,5904,716,12,103,12,158,12,164,12,2.4,2.6,12,12,4.9,12,998.9,12,,,52,12,0.0,12,0,12,,,600,12,24.2,12,23.9,12,23.0,12,29.4,12,29.5,12,29.2,12,40.1,12,41.3,12,40.1,12,4,12
2019-06-26T08:20+00:00,5904,738,12,105,12,163,12,176,12,2.4,2.6,12,12,5.2,12,999.0,12,,,53,12,0.0,12,0,12,,,600,12,24.3,12,23.9,12,23.0,12,29.9,12,29.9,12,29.5,12,41.7,12,41.7,12,40.3,12,13,12
2019-06-26T08:30+00:00,5904,757,12,109,12,159,12,171,12,2.1,2.4,12,12,5.1,12,999.0,12,,,52,12,0.0,12,0,12,,,600,12,24.4,12,23.9,12,23.0,12,30.0,12,30.1,12,29.9,12,42.1,12,42.1,12,41.5,12,28,12
2019-06-26T08:40+00:00,5904,773,12,116,12,165,12,155,12,1.5,2.0,12,12,4.6,12,999.0,12,,,56,12,0.0,12,0,12,,,600,12,24.4,12,23.9,12,23.0,12,30.6,12,30.6,12,30.0,12,43.5,12,43.5,12,42.1,12,39,12
2019-06-26T08:50+00:00,5904,786,12,122,12,140,12,156,12,2.1,2.4,12,12,4.7,12,999.0,12,,,54,12,0.0,12,0,12,,,600,12,24.5,12,23.9,12,23.0,12,30.6,12,30.6,12,30.3,12,43.3,12,43.5,12,43.1,12,45,12
2019-06-26T09:00+00:00,5904,798,12,128,12,141,12,138,12,2.1,2.3,12,12,4.2,12,998.9,12,,,52,12,0.0,12,0,12,,,600,12,24.5,12,23.9,12,23.0,12,30.9,12,31.0,12,30.5,12,43.3,12,43.3,12,42.9,12,56,12
2019-06-26T09:10+00:00,5904,814,12,127,12,149,12,148,12,2.0,2.2,12,12,5.7,12,998.9,12,,,49,12,0.0,12,0,12,,,600,12,24.6,12,23.9,12,23.0,12,30.9,12,31.0,12,30.8,12,43.2,12,43.8,12,43.2,12,3,12
2019-06-26T09:20+00:00,5904,799,12,135,12,148,12,183,12,1.9,2.4,12,12,4.8,12,998.8,12,,,52,12,0.0,12,0,12,,,600,12,24.7,12,23.9,12,23.0,12,31.0,12,31.2,12,30.9,12,43.6,12,44.1,12,43.3,12,12,12
2019-06-26T09:30+00:00,5904,789,12,133,12,181,12,157,12,2.2,2.5,12,12,5.3,12,998.8,12,,,49,12,0.0,12,0,12,,,600,12,24.8,12,23.9,12,23.0,12,31.4,12,31.4,12,31.1,12,43.6,12,43.7,12,43.3,12,22,12
2019-06-26T09:40+00:00,5904,848,12,131,12,152,12,153,12,1.6,2.0,12,12,4.4,12,998.8,12,,,50,12,0.0,12,0,12,,,600,12,24.9,12,23.9,12,23.0,12,31.4,12,31.6,12,31.2,12,43.6,12,43.7,12,43.3,12,33,12
2019-06-26T09:50+00:00,5904,856,12,131,12,182,12,198,12,1.3,2.3,12,12,5.5,12,998.7,12,,,50,12,0.0,12,0,12,,,600,12,25.0,12,23.9,12,23.0,12,32.1,12,32.1,12,31.4,12,44.5,12,44.8,12,43.9,12,47,12
2019-06-26T10:00+00:00,5904,876,12,127,12,195,12,192,12,2.4,2.6,12,12,5.1,12,998.5,12,,,45,12,0.0,12,0,12,,,600,12,25.1,12,23.9,12,23.0,12,32.2,12,32.4,12,32.1,12,45.0,12,45.0,12,43.9,12,51,12
2019-06-26T10:10+00:00,5904,871,12,131,12,127,12,167,12,1.4,1.7,12,12,4.6,12,998.5,12,,,45,12,0.0,12,0,12,,,600,12,25.2,12,23.9,12,23.0,12,32.0,12,32.5,12,32.0,12,44.6,12,45.3,12,44.6,12,2,12
2019-06-26T10:20+00:00,5904,873,12,137,12,111,12,105,12,2.3,2.6,12,12,6.2,12,998.4,12,,,50,12,0.0,12,0,12,,,600,12,25.2,12,23.9,12,23.0,12,32.3,12,32.3,12,31.9,12,45.6,12,45.6,12,44.4,12,17,12
2019-06-26T10:30+00:00,5904,887,12,131,12,109,12,97,12,1.7,2.0,12,12,5.2,12,998.4,12,,,48,12,0.0,12,0,12,,,600,12,25.3,12,23.9,12,23.0,12,32.7,12,32.7,12,32.4,12,46.1,12,46.2,12,45.4,12,28,12
2019-06-26T10:40+00:00,5904,889,12,134,12,196,12,173,12,2.1,2.5,12,12,5.2,12,998.3,12,,,44,12,0.0,12,0,12,,,600,12,25.5,12,24.0,12,23.0,12,32.8,12,33.0,12,32.8,12,45.9,12,45.9,12,45.7,12,32,12
2019-06-26T10:50+00:00,5904,879,12,142,12,182,12,170,12,2.0,2.2,12,12,4.3,12,998.3,12,,,46,12,0.0,12,0,12,,,600,12,25.6,12,24.0,12,23.0,12,32.9,12,32.9,12,32.7,12,46.5,12,46.5,12,45.7,12,46,12
2019-06-26T11:00+00:00,5904,895,12,144,12,151,12,151,12,1.9,1.9,12,12,4.6,12,998.2,12,,,42,12,0.0,12,0,12,,,600,12,25.6,12,24.0,12,23.0,12,32.9,12,33.0,12,32.8,12,47.0,12,47.0,12,46.6,12,55,12
2019-06-26T11:10+00:00,5904,901,12,145,12,199,12,179,12,2.1,2.4,12,12,4.8,12,998.2,12,,,42,12,0.0,12,0,12,,,600,12,25.8,12,24.0,12,23.0,12,33.3,12,33.5,12,32.9,12,46.8,12,47.5,12,46.8,12,5,12
2019-06-26T11:20+00:00,5904,894,12,145,12,186,12,218,12,0.8,1.1,12,12,3.3,12,998.1,12,,,42,12,0.0,12,0,12,,,600,12,25.9,12,24.0,12,23.0,12,33.2,12,33.4,12,33.2,12,47.5,12,47.5,12,46.9,12,19,12
2019-06-26T11:30+00:00,5904,883,12,148,12,155,12,159,12,1.4,1.7,12,12,3.2,12,998.0,12,,,41,12,0.0,12,0,12,,,600,12,26.0,12,24.0,12,23.0,12,33.7,12,33.7,12,33.4,12,47.8,12,48.2,12,47.5,12,27,12
2019-06-26T11:40+00:00,5904,876,12,147,12,100,12,88,12,2.2,2.4,12,12,6.2,12,997.9,12,,,42,12,0.0,12,0,12,,,600,12,26.1,12,24.1,12,23.0,12,33.8,12,34.0,12,33.6,12,47.8,12,48.1,12,47.6,12,38,12
2019-06-26T11:50+00:00,5904,870,12,149,12,88,12,84,12,3.6,3.7,12,12,5.7,12,997.9,12,,,41,12,0.0,12,0,12,,,600,12,26.2,12,24.1,12,23.0,12,33.6,12,33.8,12,33.6,12,48.0,12,48.0,12,47.6,12,40,12
2019-06-26T12:00+00:00,5904,880,12,153,12,78,12,85,12,3.1,3.3,12,12,6.3,12,997.8,12,,,40,12,0.0,12,0,12,,,600,12,26.3,12,24.1,12,23.0,12,33.7,12,34.0,12,33.6,12,47.1,12,47.8,12,47.1,12,58,12
2019-06-26T12:10+00:00,5904,865,12,166,12,78,12,94,12,2.7,2.8,12,12,5.5,12,997.7,12,,,41,12,0.0,12,0,12,,,600,12,26.4,12,24.1,12,23.0,12,34.0,12,34.1,12,33.7,12,47.4,12,47.4,12,46.8,12,4,12
2019-06-26T12:20+00:00,5904,848,12,182,12,75,12,56,12,3.2,3.3,12,12,6.3,12,997.7,12,,,39,12,0.0,12,0,12,,,600,12,26.5,12,24.2,12,23.0,12,34.1,12,34.1,12,33.9,12,47.3,12,47.7,12,47.3,12,14,12
2019-06-26T12:30+00:00,5904,798,12,190,12,94,12,102,12,2.0,2.3,12,12,5.6,12,997.6,12,,,40,12,0.0,12,0,12,,,600,12,26.6,12,24.2,12,23.0,12,34.1,12,34.3,12,34.0,12,46.9,12,47.3,12,46.9,12,22,12
2019-06-26T12:40+00:00,5904,781,12,188,12,90,12,73,12,2.0,2.3,12,12,4.8,12,997.6,12,,,41,12,0.0,12,0,12,,,600,12,26.7,12,24.2,12,22.9,12,34.3,12,34.4,12,34.1,12,46.8,12,46.8,12,46.2,12,39,12
2019-06-26T12:50+00:00,5904,771,12,178,12,90,12,88,12,2.8,3.0,12,12,5.0,12,997.4,12,,,39,12,0.0,12,0,12,,,600,12,26.8,12,24.2,12,23.0,12,34.4,12,34.5,12,34.4,12,46.5,12,47.0,12,46.5,12,48,12
2019-06-26T13:00+00:00,5904,771,12,165,12,62,12,59,12,3.1,3.3,12,12,5.0,12,997.4,12,,,42,12,0.0,12,0,12,,,600,12,26.9,12,24.3,12,22.9,12,34.5,12,34.5,12,34.3,12,45.1,12,46.4,12,45.0,12,53,12
2019-06-26T13:10+00:00,5904,794,12,150,12,70,12,103,12,3.0,3.1,12,12,5.0,12,997.3,12,,,38,12,0.0,12,0,12,,,600,12,27.0,12,24.3,12,22.9,12,34.6,12,34.6,12,34.4,12,42.5,12,45.3,12,42.5,12,6,12
2019-06-26T13:20+00:00,5904,767,12,139,12,79,12,78,12,1.9,2.3,12,12,4.7,12,997.2,12,,,42,12,0.0,12,0,12,,,600,12,27.0,12,24.4,12,23.0,12,34.8,12,34.8,12,34.4,12,43.9,12,43.9,12,41.8,12,17,12
2019-06-26T13:30+00:00,5904,746,12,131,12,108,12,103,12,2.3,2.4,12,12,4.7,12,997.2,12,,,40,12,0.0,12,0,12,,,600,12,27.1,12,24.4,12,23.0,12,34.8,12,34.8,12,34.6,12,45.2,12,45.2,12,44.0,12,21,12
2019-06-26T13:40+00:00,5904,733,12,126,12,52,12,40,12,1.7,1.9,12,12,3.5,12,997.1,12,,,39,12,0.0,12,0,12,,,600,12,27.2,12,24.4,12,23.0,12,34.7,12,34.8,12,34.3,12,45.7,12,45.8,12,45.2,12,31,12
2019-06-26T13:50+00:00,5904,713,12,123,12,96,12,80,12,2.6,2.8,12,12,5.1,12,997.0,12,,,39,12,0.0,12,0,12,,,600,12,27.3,12,24.5,12,23.0,12,34.8,12,34.9,12,34.7,12,45.7,12,46.2,12,45.7,12,45,12
2019-06-26T14:00+00:00,5904,684,12,123,12,101,12,101,12,1.8,1.9,12,12,4.1,12,996.9,12,,,39,12,0.0,12,0,12,,,600,12,27.4,12,24.5,12,23.0,12,35.0,12,35.0,12,34.6,12,42.4,12,45.7,12,42.4,12,50,12
2019-06-26T14:10+00:00,5904,657,12,120,12,64,12,68,12,1.8,2.1,12,12,4.1,12,996.9,12,,,38,12,0.0,12,0,12,,,600,12,27.4,12,24.5,12,23.0,12,34.9,12,35.0,12,34.7,12,42.3,12,42.3,12,41.4,12,5,12
2019-06-26T14:20+00:00,5904,646,12,118,12,64,12,52,12,1.8,2.0,12,12,3.5,12,996.8,12,,,37,12,0.0,12,0,12,,,600,12,27.5,12,24.6,12,23.0,12,34.9,12,35.0,12,34.5,12,43.7,12,43.7,12,42.5,12,19,12
2019-06-26T14:30+00:00,5904,618,12,116,12,101,12,98,12,2.9,3.0,12,12,4.8,12,996.7,12,,,37,12,0.0,12,0,12,,,600,12,27.6,12,24.6,12,23.0,12,35.0,12,35.1,22,34.9,12,44.5,12,44.6,12,43.8,12,27,12
2019-06-26T14:40+00:00,5904,594,12,118,12,133,12,119,12,1.5,1.6,12,12,3.8,12,996.7,12,,,36,12,0.0,12,0,12,,,600,12,27.6,12,24.6,12,23.0,12,35.0,12,35.2,22,34.9,12,44.6,12,44.6,12,44.4,12,32,12
2019-06-26T14:50+00:00,5904,571,12,117,12,93,12,105,12,1.5,1.6,12,12,3.1,12,996.6,12,,,41,12,0.0,12,0,12,,,600,12,27.7,12,24.7,12,23.0,12,35.0,12,35.3,22,35.0,12,45.1,12,45.2,12,44.7,12,43,12
2019-06-26T15:00+00:00,5904,552,12,115,12,51,12,73,12,1.9,2.0,12,12,3.7,12,996.5,12,,,37,12,0.0,12,0,12,,,600,12,27.7,12,24.7,12,23.0,12,35.5,12,35.5,22,34.8,12,44.7,12,45.2,12,44.5,12,50,12
2019-06-26T15:10+00:00,5904,518,12,112,12,59,12,61,12,1.1,1.3,12,12,3.3,12,996.3,12,,,36,12,0.0,12,0,12,,,600,12,27.8,12,24.8,12,23.0,12,35.0,12,35.5,22,35.0,12,43.9,12,44.7,12,43.9,12,9,12
2019-06-26T15:20+00:00,5904,501,12,110,12,62,12,81,12,2.3,2.4,12,12,4.0,12,996.2,12,,,39,12,0.0,12,0,12,,,600,12,27.8,12,24.8,12,23.0,12,35.0,12,35.3,22,35.0,12,42.6,12,43.6,12,42.6,12,12,12
2019-06-26T15:30+00:00,5904,480,12,107,12,55,12,66,12,2.2,2.3,12,12,3.7,12,996.2,12,,,39,12,0.0,12,0,12,,,600,12,27.9,12,24.8,12,23.0,12,34.8,12,35.3,22,34.8,12,39.8,12,42.8,12,39.8,12,23,12
2019-06-26T15:40+00:00,5904,449,12,104,12,73,12,63,12,2.0,2.0,12,12,3.0,12,996.1,12,,,38,12,0.0,12,0,12,,,600,12,27.9,12,24.9,12,23.0,12,34.9,12,35.6,22,34.9,12,35.8,12,39.2,12,35.8,12,32,12
2019-06-26T15:50+00:00,5904,427,12,102,12,34,12,67,12,1.1,1.3,12,12,2.9,12,996.0,12,,,38,12,0.0,12,0,12,,,600,12,28.0,12,24.9,12,23.0,12,34.8,12,35.2,22,34.5,12,33.8,12,35.6,12,33.8,12,40,12
2019-06-26T16:00+00:00,5904,399,12,100,12,8,12,343,12,1.0,1.1,12,12,2.3,12,995.9,12,,,34,12,0.0,12,0,12,,,600,12,28.0,12,24.9,12,23.0,12,35.4,12,35.5,22,35.0,12,32.3,12,33.6,12,32.3,12,55,12
2019-06-26T16:10+00:00,5904,375,12,98,12,146,12,152,12,1.0,1.4,12,12,3.6,12,995.9,12,,,39,12,0.0,12,0,12,,,600,12,28.0,12,25.0,12,23.0,12,34.6,12,35.7,22,34.6,12,31.2,12,32.1,12,31.2,12,5,12
2019-06-26T16:20+00:00,5904,346,12,93,12,135,12,152,12,1.9,2.0,12,12,5.4,12,995.8,12,,,38,12,0.0,12,0,12,,,600,12,28.0,12,25.0,12,23.0,12,34.1,12,34.6,12,34.1,12,31.4,12,31.4,12,31.0,12,19,12
2019-06-26T16:30+00:00,5904,316,12,90,12,127,12,120,12,3.3,3.4,12,12,5.6,12,995.8,12,,,41,12,0.0,12,0,12,,,600,12,28.0,12,25.1,12,23.0,12,33.4,12,34.0,12,33.4,12,30.6,12,31.3,12,30.6,12,22,12
2019-06-26T16:40+00:00,5904,282,12,87,12,129,12,135,12,3.5,3.7,12,12,6.5,12,995.8,12,,,42,12,0.0,12,0,12,,,600,12,28.0,12,25.1,12,23.0,12,33.0,12,33.4,12,32.9,12,30.2,12,30.6,12,30.2,12,33,12
2019-06-26T16:50+00:00,5904,253,12,83,12,120,12,115,12,3.9,4.0,12,12,5.9,12,995.7,12,,,42,12,0.0,12,0,12,,,600,12,27.9,12,25.1,12,23.0,12,32.7,12,32.9,12,32.6,12,29.7,12,30.1,12,29.7,12,48,12
2019-06-26T17:00+00:00,5904,227,12,79,12,116,12,119,12,3.0,3.1,12,12,4.5,12,995.8,12,,,42,12,0.0,12,0,12,,,600,12,27.9,12,25.1,12,23.0,12,32.6,12,32.7,12,32.5,12,29.2,12,29.7,12,29.2,12,50,12
2019-06-26T17:10+00:00,5904,198,12,75,12,125,12,131,12,2.5,2.6,12,12,4.6,12,995.8,12,,,42,12,0.0,12,0,12,,,600,12,27.9,12,25.2,12,23.0,12,32.4,12,32.6,12,32.4,12,28.9,12,29.2,12,28.9,12,8,12
2019-06-26T17:20+00:00,5904,172,12,70,12,124,12,107,12,2.4,2.4,12,12,4.1,12,995.8,12,,,44,12,0.0,12,0,12,,,600,12,27.8,12,25.2,12,23.1,12,32.0,12,32.4,12,32.0,12,28.6,12,28.9,12,28.6,12,11,12
2019-06-26T17:30+00:00,5904,146,12,66,12,131,12,119,12,2.7,2.8,12,12,4.8,12,995.8,12,,,43,12,0.0,12,0,12,,,600,12,27.8,12,25.2,12,23.1,12,32.1,12,32.2,12,32.0,12,28.3,12,28.5,12,28.3,12,28,12
2019-06-26T17:40+00:00,5904,121,12,60,12,118,12,103,12,2.7,2.7,12,12,4.3,12,995.7,12,,,45,12,0.0,12,0,12,,,600,12,27.8,12,25.3,12,23.1,12,31.6,12,32.0,12,31.6,12,28.0,12,28.2,12,28.0,12,31,12
2019-06-26T17:50+00:00,5904,91,12,53,12,121,12,118,12,2.9,3.0,12,12,4.6,12,995.7,12,,,44,12,0.0,12,0,12,,,600,12,27.7,12,25.3,12,23.1,12,31.6,12,31.7,12,31.5,12,27.7,12,27.9,12,27.7,12,42,12
2019-06-26T18:00+00:00,5904,69,12,45,12,140,12,136,12,2.8,2.9,12,12,5.2,12,995.8,12,,,43,12,0.0,12,0,12,,,600,12,27.7,12,25.3,12,23.1,12,31.5,12,31.5,12,31.3,12,27.2,12,27.6,12,27.2,12,55,12
2019-06-26T18:10+00:00,5904,54,12,39,12,165,12,164,12,2.1,2.2,12,12,4.2,12,995.8,12,,,44,12,0.0,12,0,12,,,600,12,27.6,12,25.3,12,23.1,12,31.2,12,31.4,12,31.1,12,26.8,12,27.3,12,26.8,12,9,12
2019-06-26T18:20+00:00,5904,43,12,34,12,166,12,153,12,3.0,3.0,12,12,5.0,12,995.7,12,,,43,12,0.0,12,0,12,,,318,12,27.6,12,25.3,12,23.1,12,31.3,12,31.3,12,31.1,12,27.1,12,27.2,12,26.7,12,16,12
2019-06-26T18:30+00:00,5904,29,12,26,11,156,12,163,12,2.3,2.5,12,12,4.0,12,995.7,12,,,43,12,0.0,12,0,12,,,0,12,27.6,12,25.4,12,23.1,12,31.1,12,31.3,12,31.1,12,27.0,12,27.2,12,27.0,12,24,12
2019-06-26T18:40+00:00,5904,17,12,17,11,164,12,173,12,2.2,2.3,12,12,4.1,12,995.8,12,,,44,12,0.0,12,0,12,,,0,12,27.5,12,25.4,12,23.1,12,30.8,12,30.9,12,30.7,12,26.3,12,26.9,12,26.3,12,36,12
2019-06-26T18:50+00:00,5904,10,12,10,11,169,12,158,12,2.1,2.1,12,12,3.6,12,995.8,12,,,46,12,0.0,12,0,12,,,0,12,27.4,12,25.4,12,23.1,12,30.4,12,30.7,12,30.3,12,25.9,12,26.3,12,25.9,12,42,12
2019-06-26T19:00+00:00,5904,6,12,5,12,164,12,168,12,2.1,2.2,12,12,3.6,12,995.8,12,,,46,12,0.0,12,0,12,,,0,12,27.4,12,25.4,12,23.1,12,30.4,12,30.4,12,30.2,12,25.6,12,25.9,12,25.5,12,50,12
2019-06-26T19:10+00:00,5904,3,12,3,12,174,12,186,12,0.9,0.9,12,12,1.9,12,995.8,12,,,50,12,0.0,12,0,12,,,0,12,27.4,12,25.4,12,23.1,12,29.7,12,30.4,12,29.7,12,24.9,12,25.5,12,24.9,12,0,12
2019-06-26T19:20+00:00,5904,1,12,1,11,158,12,159,12,1.1,1.1,12,12,1.9,12,995.9,12,,,53,12,0.0,12,0,12,,,0,12,27.3,12,25.4,12,23.2,12,29.0,12,29.6,12,29.0,12,24.4,12,24.8,12,24.4,12,19,12
2019-06-26T19:30+00:00,5904,0,12,0,12,214,12,163,12,0.9,1.1,12,12,1.8,12,995.9,12,,,55,12,0.0,12,0,12,,,0,12,27.3,12,25.5,12,23.2,12,28.4,12,29.0,12,28.4,12,24.0,12,24.3,12,24.0,12,20,12
2019-06-26T19:40+00:00,5904,0,11,0,11,251,12,273,12,1.7,1.8,12,12,2.4,12,996.0,12,,,57,12,0.0,12,0,12,,,0,12,27.2,12,25.5,12,23.2,12,28.3,12,28.4,12,28.3,12,23.6,12,23.9,12,23.6,12,33,12
2019-06-26T19:50+00:00,5904,0,11,0,11,250,12,244,12,1.9,1.9,12,12,2.4,12,996.0,12,,,58,12,0.0,12,0,12,,,0,12,27.1,12,25.5,12,23.2,12,28.1,12,28.2,12,28.1,12,23.4,12,23.6,12,23.4,12,46,12
2019-06-26T20:00+00:00,5904,0,11,0,11,255,12,258,12,2.0,2.0,12,12,2.6,12,996.0,12,,,58,12,0.0,12,0,12,,,0,12,27.1,12,25.5,12,23.2,12,27.8,12,28.1,12,27.8,12,23.3,12,23.4,12,23.3,12,56,12
2019-06-26T20:10+00:00,5904,0,11,0,11,256,12,275,12,2.0,2.0,12,12,2.5,12,996.0,12,,,60,12,0.0,12,0,12,,,0,12,27.1,12,25.5,12,23.2,12,27.5,12,27.8,12,27.5,12,23.1,12,23.3,12,23.1,12,4,12
2019-06-26T20:20+00:00,5904,0,11,0,11,241,12,247,12,2.2,2.3,12,12,2.7,12,996.0,12,,,61,12,0.0,12,0,12,,,0,12,27.0,12,25.5,12,23.2,12,27.3,12,27.5,12,27.3,12,22.9,12,23.1,12,22.9,12,16,12
2019-06-26T20:30+00:00,5904,0,11,0,11,256,12,250,12,1.9,1.9,12,12,2.3,12,996.0,12,,,63,12,0.0,12,0,12,,,0,12,27.0,12,25.5,12,23.2,12,26.9,12,27.3,12,26.9,12,22.7,12,22.8,12,22.7,12,20,12
2019-06-26T20:40+00:00,5904,0,11,0,11,263,12,255,12,1.8,1.8,12,12,2.1,12,996.0,12,,,64,12,0.0,12,0,12,,,0,12,26.9,12,25.5,12,23.3,12,26.6,12,26.9,12,26.6,12,22.6,12,22.7,12,22.6,12,30,12
2019-06-26T20:50+00:00,5904,0,12,0,11,265,12,259,12,1.6,1.6,12,12,2.0,12,995.9,12,,,66,12,0.0,12,0,12,,,0,12,26.9,12,25.5,12,23.3,12,26.3,12,26.6,12,26.3,12,22.4,12,22.6,12,22.4,12,40,12
2019-06-26T21:00+00:00,5904,0,12,0,11,258,12,268,12,1.6,1.6,12,12,2.0,12,996.0,12,,,66,12,0.0,12,0,12,,,0,12,26.8,12,25.5,12,23.3,12,26.2,12,26.3,12,26.2,12,22.2,12,22.3,12,22.2,12,52,12
2019-06-26T21:10+00:00,5904,0,11,0,11,268,12,263,12,1.5,1.5,12,12,1.8,12,995.9,12,,,67,12,0.0,12,0,12,,,0,12,26.7,12,25.5,12,23.3,12,26.0,12,26.2,12,26.0,12,22.4,12,22.5,12,22.2,12,4,12
2019-06-26T21:20+00:00,5904,0,11,0,12,269,12,275,12,1.5,1.5,12,12,1.8,12,995.9,12,,,68,12,0.0,12,0,12,,,0,12,26.7,12,25.5,12,23.3,12,25.9,12,26.0,12,25.9,12,22.4,12,22.5,12,22.4,12,11,12
2019-06-26T21:30+00:00,5904,0,11,0,12,277,12,279,12,1.5,1.5,12,12,1.7,12,995.9,12,,,69,12,0.0,12,0,12,,,0,12,26.7,12,25.5,12,23.3,12,25.7,12,25.9,12,25.7,12,22.2,12,22.4,12,22.2,12,21,12
2019-06-26T21:40+00:00,5904,0,11,0,11,272,12,283,12,1.8,1.8,12,12,2.2,12,995.9,12,,,70,12,0.0,12,0,12,,,0,12,26.6,12,25.5,12,23.3,12,25.6,12,25.7,12,25.6,12,22.2,12,22.2,12,22.1,12,38,12
2019-06-26T21:50+00:00,5904,0,11,0,11,276,12,283,12,1.7,1.7,12,12,2.0,12,995.8,12,,,70,12,0.0,12,0,12,,,0,12,26.6,12,25.5,12,23.3,12,25.4,12,25.5,12,25.4,12,22.0,12,22.3,12,22.0,12,40,12
2019-06-26T22:00+00:00,5904,0,11,0,11,276,12,283,12,1.8,1.8,12,12,2.2,12,995.8,12,,,71,12,0.0,12,0,12,,,0,12,26.5,12,25.5,12,23.3,12,25.3,12,25.4,12,25.3,12,22.0,12,22.0,12,21.9,12,56,12
2019-06-26T22:10+00:00,5904,0,12,0,12,289,12,289,12,1.9,1.9,12,12,2.2,12,995.8,12,,,72,12,0.0,12,0,12,,,0,12,26.4,12,25.5,12,23.3,12,25.1,12,25.3,12,25.1,12,21.8,12,22.0,12,21.8,12,2,12
2019-06-26T22:20+00:00,5904,0,11,0,12,290,12,290,12,1.6,1.6,12,12,1.8,12,995.8,12,,,73,12,0.0,12,0,12,,,0,12,26.4,12,25.5,12,23.3,12,24.9,12,25.1,12,24.9,12,21.5,12,21.8,12,21.5,12,18,12
2019-06-26T22:30+00:00,5904,0,12,0,12,276,12,284,12,1.6,1.6,12,12,1.9,12,995.8,12,,,73,12,0.0,12,0,12,,,0,12,26.4,12,25.5,12,23.3,12,24.8,12,24.9,12,24.8,12,21.2,12,21.5,12,21.2,12,26,12
2019-06-26T22:40+00:00,5904,0,12,0,11,270,12,268,12,1.8,1.8,12,12,2.4,12,995.7,12,,,74,12,0.0,12,0,12,,,0,12,26.3,12,25.5,12,23.4,12,24.5,12,24.8,12,24.5,12,21.0,12,21.2,12,21.0,12,37,12
2019-06-26T22:50+00:00,5904,0,11,0,11,259,12,262,12,2.5,2.5,12,12,3.6,12,995.5,12,,,74,12,0.0,12,0,12,,,0,12,26.3,12,25.5,12,23.4,12,24.5,12,24.6,12,24.5,12,20.9,12,21.0,12,20.9,12,48,12
2019-06-26T23:00+00:00,5904,0,11,0,11,257,12,254,12,2.8,2.8,12,12,3.6,12,995.4,12,,,73,12,0.0,12,0,12,,,0,12,26.2,12,25.4,12,23.4,12,24.5,12,24.5,12,24.5,12,21.2,12,21.3,12,21.0,12,50,12
2019-06-26T23:10+00:00,5904,0,12,0,11,264,12,258,12,2.5,2.5,12,12,3.1,12,995.4,12,,,71,12,0.0,12,0,12,,,0,12,26.2,12,25.4,12,23.3,12,24.5,12,24.6,12,24.5,12,21.0,12,21.2,12,21.0,12,1,12
2019-06-26T23:20+00:00,5904,0,11,0,11,266,12,267,12,2.0,2.0,12,12,2.5,12,995.2,12,,,73,12,0.0,12,0,12,,,0,12,26.1,12,25.4,12,23.4,12,24.3,12,24.5,12,24.3,12,20.7,12,21.0,12,20.7,12,11,12
2019-06-26T23:30+00:00,5904,0,11,0,12,249,12,259,12,1.4,1.4,12,12,2.1,12,995.4,12,,,72,12,0.0,12,0,12,,,0,12,26.1,12,25.4,12,23.4,12,24.2,12,24.3,12,24.1,12,20.5,12,20.7,12,20.5,12,20,12
2019-06-26T23:40+00:00,5904,0,11,0,12,210,12,212,12,0.7,0.8,12,12,1.8,12,995.2,12,,,71,12,0.0,12,0,12,,,0,12,26.0,12,25.4,12,23.4,12,24.0,12,24.2,12,23.9,12,20.4,12,20.5,12,20.4,12,32,12
2019-06-26T23:50+00:00,5904,0,11,0,12,223,12,221,12,1.1,1.2,12,12,2.4,12,995.1,12,,,70,12,0.0,12,0,12,,,0,12,26.0,12,25.4,12,23.4,12,23.7,12,24.0,12,23.7,12,20.2,12,20.3,12,20.2,12,46,12
2019-06-27T00:00+00:00,5904,0,12,0,11,227,12,216,12,1.2,1.3,12,12,2.0,12,995.1,12,,,69,12,0.0,12,0,12,,,0,12,26.0,12,25.4,12,23.4,12,24.0,12,24.0,12,23.8,12,20.1,12,20.2,12,20.1,12,52,12
2019-06-27T00:10+00:00,5904,0,11,0,11,228,12,232,12,1.2,1.3,12,12,1.9,12,995.0,12,,,69,12,0.0,12,0,12,,,0,12,25.9,12,25.4,12,23.4,12,23.8,12,23.9,12,23.8,12,19.9,12,20.1,12,19.9,12,0,12
2019-06-27T00:20+00:00,5904,0,11,0,11,199,12,224,12,0.8,0.9,12,12,2.0,12,994.9,12,,,71,12,0.0,12,0,12,,,0,12,25.9,12,25.3,12,23.4,12,23.8,12,24.0,12,23.7,12,19.9,12,19.9,12,19.9,12,10,12
2019-06-27T00:30+00:00,5904,0,11,0,11,208,12,231,12,0.9,1.0,12,12,2.0,12,994.9,12,,,73,12,0.0,12,0,12,,,0,12,25.8,12,25.3,12,23.4,12,23.8,12,23.9,12,23.7,12,19.8,12,19.9,12,19.8,12,23,12
2019-06-27T00:40+00:00,5904,0,11,0,11,220,12,235,12,1.0,1.1,12,12,2.2,12,994.9,12,,,72,12,0.0,12,0,12,,,0,12,25.8,12,25.3,12,23.4,12,23.8,12,23.9,12,23.8,12,19.8,12,19.9,12,19.8,12,33,12
2019-06-27T00:50+00:00,5904,0,11,0,11,224,12,193,12,0.7,0.9,12,12,2.9,12,994.8,12,,,73,12,0.0,12,0,12,,,0,12,25.8,12,25.3,12,23.4,12,23.8,12,23.8,12,23.7,12,19.9,12,19.9,12,19.8,12,49,12
2019-06-27T01:00+00:00,5904,0,11,0,11,146,12,235,12,0.4,0.6,12,12,1.9,12,994.8,12,,,72,12,0.0,12,0,12,,,0,12,25.7,12,25.3,12,23.4,12,23.7,12,23.9,12,23.7,12,19.9,12,19.9,12,19.9,12,50,12
2019-06-27T01:10+00:00,5904,0,11,0,11,123,12,144,12,0.3,0.7,12,12,1.5,12,994.8,12,,,72,12,0.0,12,0,12,,,0,12,25.7,12,25.3,12,23.5,12,23.8,12,23.9,12,23.7,12,19.9,12,19.9,12,19.9,12,3,12
2019-06-27T01:20+00:00,5904,1,11,0,11,206,12,250,12,0.4,0.7,12,12,1.9,12,994.7,12,,,73,12,0.0,12,0,12,,,0,12,25.6,12,25.3,12,23.5,12,23.7,12,23.9,12,23.7,12,19.9,12,19.9,12,19.8,12,19,12
2019-06-27T01:30+00:00,5904,1,12,0,12,247,12,257,12,0.7,0.8,12,12,1.9,12,994.6,12,,,72,12,0.0,12,0,12,,,0,12,25.6,12,25.3,12,23.5,12,23.8,12,23.9,12,23.8,12,19.9,12,20.0,12,19.9,12,21,12
2019-06-27T01:40+00:00,5904,1,12,0,11,271,12,262,12,0.8,0.8,12,12,1.8,12,994.6,12,,,72,12,0.0,12,0,12,,,0,12,25.5,12,25.3,12,23.5,12,23.6,12,23.8,12,23.6,12,19.8,12,19.9,12,19.8,12,34,12
2019-06-27T01:50+00:00,5904,0,12,0,11,280,12,291,12,1.4,1.4,12,12,3.1,12,994.6,12,,,73,12,0.0,12,0,12,,,0,12,25.5,12,25.2,12,23.5,12,23.4,12,23.5,12,23.4,12,19.8,12,19.8,12,19.8,12,49,12
2019-06-27T02:00+00:00,5904,1,12,1,12,289,12,286,12,1.3,1.4,12,12,2.8,12,994.6,12,,,74,12,0.0,12,0,12,,,0,12,25.5,12,25.2,12,23.5,12,23.3,12,23.4,12,23.3,12,19.7,12,19.8,12,19.7,12,51,12
2019-06-27T02:10+00:00,5904,0,12,0,12,336,12,287,12,0.9,1.2,12,12,2.6,12,994.7,12,,,72,12,0.0,12,0,12,,,0,12,25.4,12,25.2,12,23.5,12,23.4,12,23.4,12,23.2,12,19.6,12,19.7,12,19.6,12,2,12
2019-06-27T02:20+00:00,5904,1,12,1,12,261,12,225,12,1.0,1.2,12,12,3.4,12,994.6,12,,,68,12,0.0,12,0,12,,,0,12,25.4,12,25.2,12,23.5,12,23.6,12,23.6,12,23.4,12,19.7,12,19.7,12,19.6,12,14,12
2019-06-27T02:30+00:00,5904,1,12,1,12,271,12,269,12,1.4,1.5,12,12,4.1,12,994.6,12,,,68,12,0.0,12,0,12,,,0,12,25.3,12,25.2,12,23.5,12,23.6,12,23.7,12,23.5,12,19.6,12,19.7,12,19.6,12,24,12
2019-06-27T02:40+00:00,5904,1,12,1,12,269,12,272,12,2.7,2.8,12,12,5.7,12,994.4,12,,,67,12,0.0,12,0,12,,,0,12,25.3,12,25.2,12,23.5,12,23.7,12,23.7,12,23.5,12,19.7,12,19.7,12,19.6,12,37,12
2019-06-27T02:50+00:00,5904,1,12,1,11,274,12,277,12,4.6,4.7,12,12,8.2,12,994.4,12,,,61,12,0.0,12,0,12,,,0,12,25.3,12,25.2,12,23.5,12,25.1,12,25.1,12,23.7,12,19.8,12,19.8,12,19.7,12,45,12
2019-06-27T03:00+00:00,5904,4,12,4,12,280,12,270,12,4.3,4.4,12,12,8.1,12,994.4,12,,,58,12,0.0,12,0,12,,,0,12,25.2,12,25.1,12,23.5,12,26.1,12,26.2,12,25.2,12,20.6,12,20.6,12,20.0,12,50,12
2019-06-27T03:10+00:00,5904,8,12,8,11,280,12,288,12,3.9,4.0,12,12,7.0,12,994.4,12,,,57,12,0.0,12,0,12,,,0,12,25.2,12,25.1,12,23.5,12,26.5,12,26.6,12,26.1,12,21.1,12,21.1,12,20.6,12,3,12
2019-06-27T03:20+00:00,5904,15,12,14,12,276,12,268,12,4.0,4.1,12,12,6.9,12,994.4,12,,,56,12,0.0,12,0,12,,,0,12,25.2,12,25.1,12,23.5,12,26.7,12,26.7,12,26.4,12,21.8,12,21.8,12,21.1,12,16,12
2019-06-27T03:30+00:00,5904,24,12,22,12,279,12,279,12,3.7,3.8,12,12,7.3,12,994.4,12,,,57,12,0.0,12,0,12,,,0,12,25.2,12,25.1,12,23.5,12,26.5,12,26.7,12,26.4,12,21.8,12,21.9,12,21.8,12,23,12
2019-06-27T03:40+00:00,5904,36,12,30,12,287,12,287,12,3.8,3.9,12,12,7.7,12,994.5,12,,,56,12,0.0,12,0,12,,,113,12,25.1,12,25.1,12,23.5,12,26.8,12,26.8,12,26.5,12,22.2,12,22.2,12,21.9,12,33,12
2019-06-27T03:50+00:00,5904,51,12,38,12,287,12,290,12,4.3,4.4,12,12,8.4,12,994.5,12,,,55,12,0.0,12,0,12,,,600,12,25.1,12,25.1,12,23.5,12,27.1,12,27.2,12,26.9,12,22.8,12,22.8,12,22.2,12,45,12
2019-06-27T04:00+00:00,5904,69,12,46,12,285,12,277,12,4.4,4.5,12,12,8.2,12,994.5,12,,,55,12,0.0,12,0,12,,,599,12,25.1,12,25.1,12,23.5,12,27.2,12,27.3,12,27.1,12,23.2,12,23.2,12,22.9,12,59,12
2019-06-27T04:10+00:00,5904,88,12,53,12,286,12,287,12,4.5,4.6,12,12,8.1,12,994.6,12,,,55,12,0.0,12,0,12,,,600,12,25.1,12,25.0,12,23.5,12,27.3,12,27.3,12,27.2,12,24.1,12,24.1,12,23.3,12,0,12
2019-06-27T04:20+00:00,5904,111,12,62,12,291,12,280,12,3.4,3.6,12,12,6.6,12,994.6,12,,,56,12,0.0,12,0,12,,,600,12,25.0,12,25.0,12,23.5,12,27.1,12,27.3,12,27.1,12,24.7,12,24.7,12,24.1,12,14,12
2019-06-27T04:30+00:00,5904,133,12,69,12,292,12,303,12,4.1,4.2,12,12,8.1,12,994.5,12,,,55,12,0.0,12,0,12,,,600,12,25.0,12,25.0,12,23.5,12,27.5,12,27.5,12,27.2,12,25.1,12,25.1,12,24.8,12,25,12
2019-06-27T04:40+00:00,5904,157,12,77,12,287,12,287,12,2.9,3.0,12,12,6.1,12,994.4,12,,,56,12,0.0,12,0,12,,,600,12,25.0,12,25.0,12,23.5,12,27.5,12,27.6,12,27.4,12,25.3,12,25.3,12,25.1,12,31,12
2019-06-27T04:50+00:00,5904,181,12,83,12,287,12,275,12,3.2,3.3,12,12,6.3,12,994.4,12,,,56,12,0.0,12,0,12,,,600,12,25.0,12,25.0,12,23.5,12,27.7,12,27.7,12,27.5,12,25.5,12,25.5,12,25.3,12,46,12
2019-06-27T05:00+00:00,5904,206,12,90,12,303,12,309,12,4.5,4.7,12,12,9.4,12,994.5,12,,,54,12,0.0,12,0,12,,,600,12,25.0,12,24.9,12,23.5,12,28.0,12,28.0,12,27.8,12,25.8,12,25.8,12,25.5,12,58,12
2019-06-27T05:10+00:00,5904,231,12,98,12,307,12,292,12,5.3,5.5,12,12,10.6,12,994.5,12,,,54,12,0.0,12,0,12,,,600,12,25.0,12,24.9,12,23.5,12,28.2,12,28.2,12,28.0,12,26.1,12,26.1,12,25.8,12,1,12
2019-06-27T05:20+00:00,5904,255,12,104,12,306,12,327,12,5.5,5.6,12,12,10.5,12,994.6,12,,,54,12,0.0,12,0,12,,,600,12,25.0,12,24.9,12,23.5,12,28.3,12,28.3,12,28.2,12,26.5,12,26.5,12,26.1,12,14,12
2019-06-27T05:30+00:00,5904,280,12,111,12,306,12,305,12,4.7,4.8,12,12,8.5,12,994.6,12,,,53,12,0.0,12,0,12,,,600,12,25.0,12,24.9,12,23.5,12,28.7,12,28.7,12,28.3,12,28.1,12,28.1,12,26.5,12,26,12
2019-06-27T05:40+00:00,5904,308,12,122,12,304,12,308,12,3.6,3.7,12,12,8.4,12,994.6,12,,,53,12,0.0,12,0,12,,,600,12,25.0,12,24.9,12,23.5,12,28.9,12,29.0,12,28.7,12,29.9,12,29.9,12,28.3,12,30,12
2019-06-27T05:50+00:00,5904,335,12,129,12,309,12,309,12,3.2,3.3,12,12,6.9,12,994.6,12,,,52,12,0.0,12,0,12,,,600,12,25.0,12,24.9,12,23.5,12,29.2,12,29.2,12,28.8,12,32.8,12,32.8,12,30.3,12,40,12
2019-06-27T06:00+00:00,5904,357,12,130,12,302,12,283,12,3.0,3.2,12,12,7.5,12,994.7,12,,,52,12,0.0,12,0,12,,,600,12,25.0,12,24.9,12,23.5,12,29.2,12,29.2,12,29.0,12,34.3,12,34.3,12,33.0,12,58,12
2019-06-27T06:10+00:00,5904,383,12,134,12,296,12,294,12,3.0,3.2,12,12,7.4,12,994.7,12,,,52,12,0.0,12,0,12,,,600,12,25.0,12,24.8,12,23.5,12,29.1,12,29.4,12,29.1,12,35.7,12,35.7,12,34.5,12,5,12
2019-06-27T06:20+00:00,5904,409,12,140,12,284,12,304,12,2.4,2.6,12,12,5.5,12,994.7,12,,,54,12,0.0,12,0,12,,,600,12,25.0,12,24.8,12,23.5,12,29.3,12,29.4,12,29.1,12,37.2,12,37.2,12,35.7,12,18,12
2019-06-27T06:30+00:00,5904,434,12,145,12,285,12,284,12,2.6,2.8,12,12,6.5,12,994.8,12,,,54,12,0.0,12,0,12,,,600,12,25.0,12,24.8,12,23.5,12,29.6,12,29.6,12,29.4,12,37.6,12,37.7,12,37.3,12,21,12
2019-06-27T06:40+00:00,5904,455,12,151,12,297,12,289,12,3.2,3.3,12,12,7.5,12,994.8,12,,,52,12,0.0,12,0,12,,,600,12,25.0,12,24.8,12,23.5,12,29.7,12,29.7,12,29.4,12,38.0,12,38.1,12,37.7,12,31,12
2019-06-27T06:50+00:00,5904,480,12,156,12,293,12,274,12,2.6,2.8,12,12,7.1,12,994.8,12,,,52,12,0.0,12,0,12,,,600,12,25.1,12,24.8,12,23.5,12,29.7,12,29.7,12,29.4,12,39.1,12,39.1,12,38.2,12,40,12
2019-06-27T07:00+00:00,5904,506,12,159,12,292,12,280,12,2.9,3.1,12,12,6.1,12,994.9,12,,,53,12,0.0,12,0,12,,,600,12,25.1,12,24.8,12,23.5,12,29.8,12,29.9,12,29.7,12,39.5,12,39.5,12,39.0,12,53,12
2019-06-27T07:10+00:00,5904,530,12,164,12,299,12,308,12,3.9,4.0,12,12,7.9,12,994.9,12,,,52,12,0.0,12,0,12,,,600,12,25.1,12,24.8,12,23.5,12,29.6,12,29.8,12,29.6,12,39.2,12,39.4,12,39.1,12,6,12
2019-06-27T07:20+00:00,5904,551,12,171,12,304,12,285,12,2.7,2.9,12,12,6.2,12,995.0,12,,,52,12,0.0,12,0,12,,,600,12,25.1,12,24.8,12,23.5,12,29.9,12,29.9,12,29.6,12,39.5,12,39.7,12,39.3,12,13,12
2019-06-27T07:30+00:00,5904,572,12,177,12,316,12,302,12,4.0,4.2,12,12,8.7,12,995.0,12,,,53,12,0.0,12,0,12,,,600,12,25.1,12,24.8,12,23.5,12,29.8,12,29.9,12,29.6,12,39.1,12,39.4,12,38.8,12,23,12
2019-06-27T07:40+00:00,5904,594,12,182,12,309,12,322,12,2.6,2.8,12,12,6.1,12,995.1,12,,,54,12,0.0,12,0,12,,,600,12,25.2,12,24.7,12,23.5,12,29.9,12,30.0,12,29.8,12,39.8,12,39.8,12,39.3,12,39,12
2019-06-27T07:50+00:00,5904,607,12,191,12,313,12,310,12,4.9,5.2,12,12,9.2,12,995.1,12,,,55,12,0.0,12,0,12,,,600,12,25.2,12,24.7,12,23.5,12,29.6,12,29.9,12,29.6,12,39.1,12,39.9,12,39.1,12,46,12
2019-06-27T08:00+00:00,5904,516,12,216,11,314,12,333,12,4.3,4.6,12,12,9.9,12,995.1,12,,,55,12,0.0,12,0,12,,,504,12,25.2,12,24.7,12,23.5,12,29.7,12,30.0,12,29.6,12,38.3,12,39.5,12,38.3,12,50,12
2019-06-27T08:10+00:00,5904,222,12,222,11,310,12,294,12,3.6,3.8,12,12,8.6,12,995.0,12,,,57,12,0.0,12,0,12,,,0,12,25.3,12,24.7,12,23.5,12,29.1,12,29.5,12,29.1,12,34.3,12,37.7,12,34.3,12,3,12
2019-06-27T08:20+00:00,5904,318,12,246,11,323,12,332,12,3.7,3.9,12,12,8.0,12,995.0,12,,,56,12,0.0,12,0,12,,,359,12,25.3,12,24.7,12,23.5,12,29.5,12,29.5,12,29.1,12,33.9,12,34.0,12,33.4,12,10,12
2019-06-27T08:30+00:00,5904,659,12,229,12,306,12,303,12,2.9,3.1,12,12,8.1,12,994.9,12,,,54,12,0.0,12,0,12,,,596,12,25.3,12,24.7,12,23.5,12,30.4,12,30.4,12,29.6,12,38.1,12,38.1,12,34.3,12,21,12
2019-06-27T08:40+00:00,5904,713,12,217,12,327,12,307,12,3.3,3.6,12,12,7.5,12,994.9,12,,,51,12,0.0,12,0,12,,,600,12,25.4,12,24.7,12,23.5,12,30.6,12,30.8,12,30.5,12,39.9,12,40.1,12,38.2,12,37,12
2019-06-27T08:50+00:00,5904,723,12,214,12,331,12,322,12,4.9,5.0,12,12,8.1,12,994.9,12,,,51,12,0.0,12,0,12,,,600,12,25.4,12,24.7,12,23.5,12,30.8,12,30.8,12,30.6,12,40.8,12,40.8,12,39.9,12,40,12
2019-06-27T09:00+00:00,5904,755,12,235,12,322,12,328,12,3.7,4.0,12,12,9.2,12,994.9,12,,,50,12,0.0,12,0,12,,,599,12,25.5,12,24.7,12,23.5,12,31.2,12,31.3,12,30.8,12,42.0,12,42.0,12,41.0,12,58,12
2019-06-27T09:10+00:00,5904,774,12,257,12,333,12,330,12,5.1,5.2,12,12,8.1,12,994.8,12,,,51,12,0.0,12,0,12,,,600,12,25.5,12,24.7,12,23.5,12,31.0,12,31.2,12,31.0,12,41.7,12,42.1,12,41.6,12,1,12
2019-06-27T09:20+00:00,5904,799,12,256,12,321,12,328,12,3.5,4.0,12,12,7.6,12,994.8,12,,,52,12,0.0,12,0,12,,,600,12,25.6,12,24.7,12,23.5,12,31.4,12,31.4,12,30.9,12,42.2,12,42.2,12,41.4,12,12,12
2019-06-27T09:30+00:00,5904,805,12,256,12,313,12,316,12,4.8,5.0,12,12,8.2,12,994.8,12,,,48,12,0.0,12,0,12,,,600,12,25.7,12,24.7,12,23.5,12,31.5,12,31.6,12,31.4,12,42.5,12,42.8,12,42.3,12,23,12
2019-06-27T09:40+00:00,5904,811,12,247,12,320,12,303,12,3.5,3.8,12,12,7.7,12,994.8,12,,,51,12,0.0,12,0,12,,,600,12,25.8,12,24.7,12,23.5,12,32.1,12,32.1,12,31.5,12,43.8,12,43.8,12,42.3,12,37,12
2019-06-27T09:50+00:00,5904,825,12,259,12,317,12,317,12,3.9,4.2,12,12,7.8,12,994.7,12,,,48,12,0.0,12,0,12,,,600,12,25.8,12,24.7,12,23.5,12,32.0,12,32.0,12,31.7,12,43.9,12,43.9,12,43.6,12,43,12
2019-06-27T10:00+00:00,5904,833,12,286,12,326,12,331,12,3.8,4.0,12,12,8.3,12,994.8,12,,,46,12,0.0,12,0,12,,,600,12,25.9,12,24.7,12,23.5,12,32.2,12,32.3,12,32.1,12,43.9,12,44.3,12,43.9,12,56,12
2019-06-27T10:10+00:00,5904,851,12,260,12,329,12,325,12,5.1,5.2,12,12,9.6,12,994.7,12,,,47,12,0.0,12,0,12,,,600,12,26.0,12,24.7,12,23.5,12,32.0,12,32.2,12,32.0,12,43.9,12,44.3,12,43.7,12,8,12
2019-06-27T10:20+00:00,5904,846,12,237,12,321,12,332,12,4.9,5.1,12,12,8.7,12,994.6,12,,,48,12,0.0,12,0,12,,,600,12,26.1,12,24.7,12,23.5,12,32.2,12,32.2,12,32.0,12,43.4,12,43.9,12,43.1,12,12,12
2019-06-27T10:30+00:00,5904,852,12,229,12,327,12,334,12,4.2,4.5,12,12,8.5,12,994.5,12,,,45,12,0.0,12,0,12,,,600,12,26.2,12,24.7,12,23.5,12,32.4,12,32.5,12,32.3,12,44.6,12,44.6,12,43.7,12,23,12
2019-06-27T10:40+00:00,5904,851,12,237,12,313,12,275,12,3.8,4.3,12,12,7.0,12,994.4,12,,,45,12,0.0,12,0,12,,,600,12,26.3,12,24.7,12,23.5,12,32.4,12,32.5,12,32.3,12,44.2,12,44.7,12,44.2,12,35,12
2019-06-27T10:50+00:00,5904,846,12,236,12,344,12,347,12,4.9,5.1,12,12,9.5,12,994.3,12,,,45,12,0.0,12,0,12,,,600,12,26.4,12,24.8,12,23.5,12,32.5,12,32.6,12,32.4,12,44.7,12,44.7,12,44.2,12,48,12
2019-06-27T11:00+00:00,5904,854,12,229,12,311,12,300,12,4.5,4.9,12,12,8.3,12,994.1,12,,,46,12,0.0,12,0,12,,,600,12,26.4,12,24.8,12,23.5,12,32.6,12,32.7,12,32.4,12,45.3,12,45.4,12,44.9,12,57,12
2019-06-27T11:10+00:00,5904,860,12,222,12,312,12,323,12,3.7,3.9,12,12,8.0,12,994.0,12,,,45,12,0.0,12,0,12,,,600,12,26.5,12,24.8,12,23.5,12,32.7,12,32.7,12,32.4,12,45.2,12,45.7,12,45.2,12,2,12
2019-06-27T11:20+00:00,5904,854,12,226,12,301,12,304,12,3.5,3.7,12,12,8.4,12,993.9,12,,,46,12,0.0,12,0,12,,,600,12,26.6,12,24.8,12,23.5,12,32.9,12,33.0,12,32.8,12,45.6,12,45.7,12,45.3,12,19,12
2019-06-27T11:30+00:00,5904,853,12,226,12,336,12,351,12,4.7,5.0,12,12,8.4,12,993.8,12,,,46,12,0.0,12,0,12,,,600,12,26.7,12,24.8,12,23.5,12,32.8,12,32.8,12,32.7,12,45.4,12,45.4,12,45.0,12,23,12
2019-06-27T11:40+00:00,5904,849,12,231,12,316,12,322,12,2.0,2.4,12,12,6.7,12,993.7,12,,,47,12,0.0,12,0,12,,,600,12,26.8,12,24.8,12,23.5,12,33.1,12,33.1,12,32.8,12,46.1,12,46.2,12,45.3,12,30,12
2019-06-27T11:50+00:00,5904,841,12,238,12,313,12,295,12,3.9,4.2,12,12,8.5,12,993.7,12,,,45,12,0.0,12,0,12,,,600,12,26.9,12,24.8,12,23.5,12,33.0,12,33.1,12,32.9,12,44.4,12,46.0,12,44.4,12,40,12
2019-06-27T12:00+00:00,5904,835,12,241,12,318,12,329,12,3.5,3.7,12,12,7.1,12,993.6,12,,,46,12,0.0,12,0,12,,,600,12,27.0,12,24.9,12,23.5,12,33.1,12,33.1,12,32.8,12,44.7,12,45.1,12,44.6,12,50,12
2019-06-27T12:10+00:00,5904,849,12,251,12,315,12,271,12,4.0,4.6,12,12,6.9,12,993.4,12,,,45,12,0.0,12,0,12,,,600,12,27.1,12,24.9,12,23.5,12,33.1,12,33.4,12,33.1,12,45.3,12,45.4,12,45.0,12,0,12
2019-06-27T12:20+00:00,5904,834,12,251,12,301,12,290,12,3.9,4.1,12,12,8.4,12,993.4,12,,,45,12,0.0,12,0,12,,,600,12,27.1,12,24.9,12,23.5,12,33.5,12,33.6,12,33.1,12,45.9,12,45.9,12,45.0,12,15,12
2019-06-27T12:30+00:00,5904,840,12,258,12,317,12,299,12,3.8,4.0,12,12,8.3,12,993.3,12,,,44,12,0.0,12,0,12,,,600,12,27.3,12,24.9,12,23.5,12,33.5,12,33.8,12,33.5,12,45.0,12,45.8,12,45.0,12,26,12
2019-06-27T12:40+00:00,5904,842,12,409,11,325,12,336,12,3.4,3.7,12,12,6.8,12,993.0,12,,,46,12,0.0,12,0,12,,,600,12,27.3,12,25.0,12,23.5,12,33.6,12,33.6,12,33.4,12,45.4,12,45.4,12,45.0,12,38,12
2019-06-27T12:50+00:00,5904,842,12,274,12,322,12,355,12,4.3,4.7,12,12,9.4,12,992.8,12,,,44,12,0.0,12,0,12,,,600,12,27.4,12,25.0,12,23.5,12,33.8,12,33.9,12,33.7,12,45.4,12,46.4,12,45.1,12,47,12
2019-06-27T13:00+00:00,5904,783,12,247,12,331,12,317,12,3.9,4.1,12,12,8.2,12,992.7,12,,,45,12,0.0,12,0,12,,,593,12,27.5,12,25.0,12,23.5,12,33.9,12,33.9,12,33.8,12,45.0,12,45.5,12,44.6,12,52,12
2019-06-27T13:10+00:00,5904,632,12,239,11,7,12,339,12,5.4,5.6,12,12,9.9,12,992.4,12,,,47,12,0.0,12,0,12,,,490,12,27.6,12,25.1,12,23.5,12,32.9,12,33.7,12,32.8,12,40.2,12,44.4,12,40.2,12,1,12
2019-06-27T13:20+00:00,5904,744,12,226,12,3,12,357,12,4.8,4.9,12,12,8.7,12,992.3,12,,,47,12,0.0,12,0,12,,,600,12,27.6,12,25.1,12,23.5,12,32.9,12,33.1,12,32.9,12,41.3,12,41.3,12,40.0,12,11,12
2019-06-27T13:30+00:00,5904,726,12,215,12,8,12,13,12,4.6,4.8,12,12,8.5,12,992.3,12,,,47,12,0.0,12,0,12,,,599,12,27.7,12,25.1,12,23.5,12,33.0,12,33.1,12,32.8,12,42.5,12,42.5,12,41.6,12,22,12
2019-06-27T13:40+00:00,5904,546,12,226,22,1,12,360,12,4.5,4.7,12,12,7.5,12,992.4,12,,,48,12,0.0,12,0,12,,,416,12,27.8,12,25.1,12,23.5,12,32.8,12,33.2,12,32.8,12,40.6,12,42.6,12,40.6,12,34,12
2019-06-27T13:50+00:00,5904,366,12,229,12,358,12,359,12,4.0,4.2,12,12,7.4,12,992.2,12,,,48,12,0.0,12,0,12,,,458,12,27.8,12,25.2,12,23.5,12,32.3,12,32.7,12,32.3,12,38.6,12,40.0,12,38.6,12,45,12
2019-06-27T14:00+00:00,5904,320,12,210,12,353,12,350,12,4.7,4.8,12,12,9.4,12,992.2,12,,,49,12,0.0,12,0,12,,,591,12,27.9,12,25.2,12,23.5,12,31.9,12,32.4,12,31.9,12,36.2,12,38.5,12,36.2,12,57,12
2019-06-27T14:10+00:00,5904,471,12,256,12,349,12,338,12,4.0,4.2,12,12,10.6,12,992.3,12,,,48,12,0.0,12,0,12,,,600,12,27.9,12,25.2,12,23.5,12,32.2,12,32.3,12,31.9,12,37.2,12,37.2,12,35.7,12,3,12
2019-06-27T14:20+00:00,5904,573,12,249,12,353,12,1,12,4.1,4.3,12,12,6.9,12,992.3,12,,,46,12,0.0,12,0,12,,,600,12,27.9,12,25.3,12,23.5,12,32.4,12,32.4,12,32.1,12,38.9,12,38.9,12,37.5,12,14,12
2019-06-27T14:30+00:00,5904,567,12,224,12,3,12,17,12,4.1,4.3,12,12,8.3,12,992.3,12,,,45,12,0.0,12,0,12,,,566,12,28.0,12,25.3,12,23.5,12,32.3,12,32.6,12,32.3,12,39.8,12,40.2,12,39.2,12,24,12
2019-06-27T14:40+00:00,5904,534,12,208,12,359,12,360,12,4.4,4.7,12,12,9.0,12,992.2,12,,,46,12,0.0,12,0,12,,,553,12,28.0,12,25.3,12,23.5,12,32.4,12,32.4,12,32.1,12,39.5,12,39.5,12,38.8,12,31,12
2019-06-27T14:50+00:00,5904,530,12,198,12,349,12,22,12,5.0,5.2,12,12,9.0,12,992.3,12,,,45,12,0.0,12,0,12,,,600,12,28.0,12,25.3,12,23.5,12,32.2,12,32.5,12,32.2,12,38.9,12,39.6,12,38.9,12,49,12
2019-06-27T15:00+00:00,5904,381,12,191,11,352,12,350,12,5.7,5.8,12,12,10.8,12,992.2,12,,,45,12,0.0,12,0,12,,,396,12,28.0,12,25.4,12,23.5,12,31.8,12,32.3,12,31.8,12,37.4,12,38.8,12,37.4,12,54,12
2019-06-27T15:10+00:00,5904,322,12,182,12,348,12,349,12,4.1,4.3,12,12,8.3,12,992.1,12,,,45,12,0.0,12,0,12,,,347,12,28.1,12,25.4,12,23.5,12,31.6,12,31.7,12,31.5,12,36.5,12,37.4,12,36.4,12,9,12
2019-06-27T15:20+00:00,5904,417,12,185,12,354,12,345,12,5.7,5.8,12,12,9.6,12,991.9,12,,,44,12,0.0,12,0,12,,,546,12,28.1,12,25.4,12,23.5,12,31.6,12,31.7,12,31.4,12,36.6,12,36.8,12,36.2,12,10,12
2019-06-27T15:30+00:00,5904,431,12,162,12,358,12,343,12,5.5,5.7,12,12,10.9,12,991.8,12,,,43,12,0.0,12,0,12,,,577,12,28.1,12,25.5,12,23.5,12,31.5,12,31.6,12,31.5,12,34.3,12,36.6,12,34.3,12,22,12
2019-06-27T15:40+00:00,5904,381,12,154,12,359,12,359,12,5.6,5.9,12,12,10.1,12,991.8,12,,,41,12,0.0,12,0,12,,,543,12,28.1,12,25.5,12,23.5,12,31.4,12,31.7,12,31.4,12,31.7,12,33.9,12,31.7,12,32,12
2019-06-27T15:50+00:00,5904,281,12,145,11,4,12,354,12,5.9,6.1,12,12,10.2,12,991.9,12,,,42,12,0.0,12,0,12,,,424,12,28.1,12,25.5,12,23.5,12,31.1,12,31.3,12,31.0,12,30.5,12,31.5,12,30.5,12,46,12
2019-06-27T16:00+00:00,5904,312,12,138,12,357,12,15,12,5.3,5.5,12,12,10.1,12,992.1,12,,,42,12,0.0,12,0,12,,,496,12,28.1,12,25.6,12,23.5,12,31.3,12,31.3,12,31.1,12,29.9,12,30.4,12,29.9,12,51,12
2019-06-27T16:10+00:00,5904,365,12,135,12,14,12,27,12,4.4,4.8,12,12,9.1,12,992.4,12,,,35,12,0.0,12,0,12,,,600,12,28.1,12,25.6,12,23.5,12,31.0,12,31.4,12,31.0,12,29.6,12,29.9,12,29.6,12,6,12
2019-06-27T16:20+00:00,5904,337,12,115,12,28,12,27,12,5.6,5.8,12,12,9.8,12,992.5,12,,,34,12,0.0,12,0,12,,,600,12,28.0,12,25.6,12,23.5,12,30.4,12,30.9,12,30.4,12,29.4,12,29.5,12,29.4,12,10,12
2019-06-27T16:30+00:00,5904,308,12,104,12,33,12,46,12,4.0,4.2,12,12,8.3,12,992.6,12,,,32,12,0.0,12,0,12,,,600,12,28.0,12,25.6,12,23.5,12,30.1,12,30.4,12,30.1,12,28.4,12,29.3,12,28.4,12,20,12
2019-06-27T16:40+00:00,5904,270,12,98,12,36,12,26,12,4.8,4.8,12,12,8.0,12,992.6,12,,,33,12,0.0,12,0,12,,,600,12,28.0,12,25.6,12,23.5,12,29.9,12,30.1,12,29.9,12,27.8,12,28.3,12,27.8,12,32,12
2019-06-27T16:50+00:00,5904,264,12,92,12,32,12,41,12,3.9,4.0,12,12,7.2,12,992.6,12,,,33,12,0.0,12,0,12,,,600,12,27.9,12,25.7,12,23.6,12,29.7,12,29.9,12,29.7,12,27.4,12,27.7,12,27.4,12,41,12
2019-06-27T17:00+00:00,5904,233,12,84,12,13,12,21,12,3.7,3.8,12,12,7.1,12,992.7,12,,,35,12,0.0,12,0,12,,,600,12,27.9,12,25.7,12,23.6,12,29.6,12,29.8,12,29.6,12,26.9,12,27.3,12,26.9,12,59,12
2019-06-27T17:10+00:00,5904,193,12,86,12,6,12,360,12,4.4,4.7,12,12,8.5,12,992.7,12,,,31,12,0.0,12,0,12,,,596,12,27.8,12,25.7,12,23.6,12,29.5,12,29.6,12,29.5,12,26.7,12,26.9,12,26.7,12,5,12
2019-06-27T17:20+00:00,5904,183,12,71,12,360,12,19,12,5.1,5.3,12,12,9.8,12,992.7,12,,,31,12,0.0,12,0,12,,,600,12,27.8,12,25.8,12,23.6,12,29.2,12,29.5,12,29.2,12,26.3,12,26.7,12,26.3,12,12,12
2019-06-27T17:30+00:00,5904,160,12,58,12,359,12,346,12,4.5,4.8,12,12,9.2,12,992.7,12,,,30,12,0.0,12,0,12,,,600,12,27.7,12,25.8,12,23.6,12,29.1,12,29.3,12,29.1,12,25.9,12,26.3,12,25.9,12,20,12
2019-06-27T17:40+00:00,5904,136,12,48,12,353,12,341,12,5.1,5.3,12,12,9.0,12,992.7,12,,,29,12,0.0,12,0,12,,,600,12,27.7,12,25.8,12,23.6,12,28.9,12,29.1,12,28.9,12,25.3,12,25.7,12,25.3,12,38,12
2019-06-27T17:50+00:00,5904,109,12,41,12,5,12,17,12,4.8,5.0,12,12,8.7,12,992.7,12,,,30,12,0.0,12,0,12,,,600,12,27.6,12,25.8,12,23.6,12,28.5,12,28.9,12,28.5,12,24.9,12,25.3,12,24.9,12,48,12
2019-06-27T18:00+00:00,5904,89,12,37,12,4,12,13,12,3.8,4.0,12,12,8.0,12,992.9,12,,,31,12,0.0,12,0,12,,,600,12,27.6,12,25.8,12,23.6,12,28.1,12,28.4,12,28.1,12,24.1,12,24.9,12,24.1,12,50,12
2019-06-27T18:10+00:00,5904,71,12,31,12,2,12,15,12,5.1,5.3,12,12,9.8,12,992.9,12,,,26,12,0.0,12,0,12,,,600,12,27.5,12,25.8,12,23.6,12,27.8,12,27.9,12,27.8,12,24.0,12,24.0,12,23.9,12,6,12
2019-06-27T18:20+00:00,5904,52,12,26,12,360,12,353,12,4.1,4.3,12,12,8.4,12,993.0,12,,,26,12,0.0,12,0,12,,,600,12,27.4,12,25.8,12,23.6,12,27.6,12,27.9,12,27.6,12,23.4,12,24.0,12,23.4,12,10,12
2019-06-27T18:30+00:00,5904,32,12,21,12,352,12,351,12,5.3,5.5,12,12,10.2,12,993.0,12,,,24,12,0.0,12,0,12,,,307,12,27.4,12,25.8,12,23.6,12,27.4,12,27.6,12,27.4,12,23.1,12,23.4,12,23.0,12,25,12
2019-06-27T18:40+00:00,5904,14,12,14,11,348,12,14,12,4.3,4.4,12,12,7.8,12,993.2,12,,,25,12,0.0,12,0,12,,,0,12,27.3,12,25.8,12,23.7,12,27.1,12,27.4,12,27.1,12,22.5,12,23.1,12,22.5,12,30,12
2019-06-27T18:50+00:00,5904,9,12,9,11,347,12,343,12,5.8,5.9,12,12,9.5,12,993.3,12,,,24,12,0.0,12,0,12,,,0,12,27.2,12,25.8,12,23.7,12,27.0,12,27.1,12,26.9,12,22.3,12,22.4,12,22.2,12,44,12
2019-06-27T19:00+00:00,5904,5,12,5,11,345,12,359,12,5.2,5.3,12,12,8.9,12,993.4,12,,,25,12,0.0,12,0,12,,,0,12,27.2,12,25.8,12,23.7,12,26.8,12,27.0,12,26.8,12,21.9,12,22.5,12,21.9,12,50,12
2019-06-27T19:10+00:00,5904,1,12,1,11,346,12,349,12,5.0,5.1,12,12,7.5,12,993.6,12,,,25,12,0.0,12,0,12,,,0,12,27.1,12,25.9,12,23.7,12,26.6,12,26.6,12,26.5,12,21.0,12,21.8,12,21.0,12,7,12
2019-06-27T19:20+00:00,5904,0,11,0,11,347,12,356,12,4.6,4.7,12,12,9.5,12,993.8,12,,,25,12,0.0,12,0,12,,,0,12,27.0,12,25.9,12,23.7,12,26.4,12,26.6,12,26.4,12,20.9,12,21.1,12,20.8,12,18,12
2019-06-27T19:30+00:00,5904,0,11,0,11,348,12,357,12,4.4,4.6,12,12,8.2,12,994.0,12,,,26,12,0.0,12,0,12,,,0,12,27.0,12,25.8,12,23.7,12,26.0,12,26.4,12,26.0,12,20.4,12,21.0,12,20.4,12,21,12
2019-06-27T19:40+00:00,5904,0,11,0,11,348,12,327,12,4.1,4.2,12,12,8.4,12,994.3,12,,,26,12,0.0,12,0,12,,,0,12,26.9,12,25.8,12,23.7,12,25.6,12,25.9,12,25.6,12,20.2,12,20.5,12,20.2,12,38,12
2019-06-27T19:50+00:00,5904,0,11,0,11,348,12,349,12,4.6,4.7,12,12,7.8,12,994.4,12,,,25,12,0.0,12,0,12,,,0,12,26.8,12,25.8,12,23.7,12,25.6,12,25.6,12,25.5,12,19.7,12,20.1,12,19.7,12,47,12
2019-06-27T20:00+00:00,5904,0,11,0,11,348,12,355,12,6.1,6.2,12,12,9.7,12,994.6,12,,,24,12,0.0,12,0,12,,,0,12,26.7,12,25.8,12,23.7,12,25.5,12,25.6,12,25.5,12,20.2,12,20.2,12,19.7,12,57,12
2019-06-27T20:10+00:00,5904,0,11,0,11,347,12,341,12,6.2,6.3,12,12,10.9,12,994.7,12,,,24,12,0.0,12,0,12,,,0,12,26.7,12,25.8,12,23.7,12,25.3,12,25.6,12,25.3,12,20.1,12,20.3,12,20.1,12,5,12
2019-06-27T20:20+00:00,5904,0,11,0,11,340,12,347,12,6.7,6.9,12,12,13.0,12,994.7,12,,,23,12,0.0,12,0,12,,,0,12,26.6,12,25.8,12,23.7,12,25.4,12,25.4,12,25.3,12,20.1,12,20.1,12,19.9,12,19,12
2019-06-27T20:30+00:00,5904,0,11,0,11,336,12,347,12,6.2,6.3,12,12,11.2,12,994.8,12,,,23,12,0.0,12,0,12,,,0,12,26.5,12,25.8,12,23.7,12,25.2,12,25.4,12,25.2,12,20.2,12,20.2,12,20.0,12,23,12
2019-06-27T20:40+00:00,5904,0,11,0,11,337,12,338,12,5.6,5.7,12,12,10.0,12,994.9,12,,,24,12,0.0,12,0,12,,,0,12,26.4,12,25.8,12,23.7,12,24.9,12,25.2,12,24.9,12,19.7,12,20.2,12,19.7,12,33,12
2019-06-27T20:50+00:00,5904,0,11,0,11,337,12,347,12,5.8,5.8,12,12,10.0,12,995.0,12,,,25,12,0.0,12,0,12,,,0,12,26.4,12,25.8,12,23.7,12,24.7,12,24.9,12,24.7,12,19.5,12,19.7,12,19.5,12,45,12
2019-06-27T21:00+00:00,5904,0,11,0,11,340,12,333,12,6.4,6.5,12,12,10.5,12,995.2,12,,,26,12,0.0,12,0,12,,,0,12,26.3,12,25.8,12,23.8,12,24.6,12,24.7,12,24.5,12,19.4,12,19.4,12,19.2,12,51,12
2019-06-27T21:10+00:00,5904,0,11,0,11,339,12,345,12,5.4,5.4,12,12,9.9,12,995.2,12,,,28,12,0.0,12,0,12,,,0,12,26.3,12,25.8,12,23.8,12,24.3,12,24.6,12,24.3,12,18.9,12,19.4,12,18.9,12,0,12
2019-06-27T21:20+00:00,5904,0,11,0,11,336,12,341,12,5.6,5.7,12,12,9.2,12,995.4,12,,,28,12,0.0,12,0,12,,,0,12,26.2,12,25.8,12,23.8,12,24.2,12,24.2,12,24.1,12,18.7,12,19.0,12,18.7,12,12,12
2019-06-27T21:30+00:00,5904,0,11,0,11,337,12,333,12,5.4,5.5,12,12,10.2,12,995.5,12,,,30,12,0.0,12,0,12,,,0,12,26.1,12,25.8,12,23.8,12,23.9,12,24.1,12,23.9,12,18.8,12,19.0,12,18.7,12,27,12
2019-06-27T21:40+00:00,5904,0,11,0,11,344,12,341,12,5.2,5.3,12,12,8.9,12,995.5,12,,,30,12,0.0,12,0,12,,,0,12,26.0,12,25.7,12,23.8,12,23.8,12,23.9,12,23.8,12,19.1,12,19.1,12,18.8,12,32,12
2019-06-27T21:50+00:00,5904,0,11,0,11,343,12,342,12,6.0,6.1,12,12,10.9,12,995.6,12,,,31,12,0.0,12,0,12,,,0,12,26.0,12,25.7,12,23.8,12,23.5,12,23.7,12,23.5,12,18.7,12,19.1,12,18.7,12,49,12
2019-06-27T22:00+00:00,5904,0,11,0,11,339,12,327,12,5.5,5.6,12,12,9.8,12,995.6,12,,,32,12,0.0,12,0,12,,,0,12,25.9,12,25.7,12,23.8,12,23.4,12,23.5,12,23.4,12,18.7,12,19.0,12,18.7,12,51,12
2019-06-27T22:10+00:00,5904,0,11,0,11,334,12,334,12,5.6,5.7,12,12,10.3,12,995.7,12,,,33,12,0.0,12,0,12,,,0,12,25.9,12,25.7,12,23.8,12,23.2,12,23.3,12,23.1,12,18.2,12,18.6,12,18.2,12,7,12
2019-06-27T22:20+00:00,5904,0,11,0,11,334,12,332,12,5.9,6.0,12,12,9.6,12,995.7,12,,,33,12,0.0,12,0,12,,,0,12,25.8,12,25.7,12,23.8,12,23.2,12,23.3,12,23.1,12,18.3,12,18.4,12,18.1,12,19,12
2019-06-27T22:30+00:00,5904,0,11,0,11,329,12,331,12,4.9,5.0,12,12,8.9,12,995.7,12,,,33,12,0.0,12,0,12,,,0,12,25.7,12,25.6,12,23.8,12,23.0,12,23.1,12,23.0,12,18.3,12,18.6,12,18.2,12,22,12
2019-06-27T22:40+00:00,5904,0,11,0,11,328,12,326,12,4.5,4.6,12,12,7.8,12,995.7,12,,,34,12,0.0,12,0,12,,,0,12,25.7,12,25.6,12,23.8,12,22.7,12,23.0,12,22.7,12,17.9,12,18.2,12,17.9,12,36,12
2019-06-27T22:50+00:00,5904,0,11,0,11,323,12,328,12,4.7,4.8,12,12,7.7,12,995.7,12,,,34,12,0.0,12,0,12,,,0,12,25.6,12,25.6,12,23.8,12,22.6,12,22.8,12,22.6,12,18.0,12,18.0,12,17.9,12,42,12
2019-06-27T23:00+00:00,5904,0,11,0,11,323,12,328,12,4.9,5.0,12,12,8.2,12,995.7,12,,,36,12,0.0,12,0,12,,,0,12,25.5,12,25.6,12,23.8,12,22.3,12,22.6,12,22.3,12,17.7,12,18.0,12,17.7,12,58,12
2019-06-27T23:10+00:00,5904,0,11,0,11,326,12,337,12,4.3,4.4,12,12,7.6,12,995.7,12,,,36,12,0.0,12,0,12,,,0,12,25.5,12,25.6,12,23.8,12,22.2,12,22.4,12,22.2,12,16.9,12,17.6,12,16.9,12,6,12
2019-06-27T23:20+00:00,5904,0,11,0,11,321,12,335,12,4.6,4.6,12,12,7.6,12,995.7,12,,,37,12,0.0,12,0,12,,,0,12,25.4,12,25.6,12,23.8,12,21.9,12,22.2,12,21.9,12,16.9,12,17.1,12,16.9,12,12,12
2019-06-27T23:30+00:00,5904,0,11,0,11,321,12,326,12,4.2,4.2,12,12,7.6,12,995.7,12,,,38,12,0.0,12,0,12,,,0,12,25.3,12,25.5,12,23.8,12,21.6,12,21.9,12,21.6,12,16.7,12,17.0,12,16.7,12,21,12
2019-06-27T23:40+00:00,5904,0,11,0,11,322,12,326,12,3.8,3.9,12,12,7.6,12,995.6,12,,,38,12,0.0,12,0,12,,,0,12,25.3,12,25.5,12,23.8,12,21.5,12,21.6,12,21.5,12,16.1,12,16.6,12,16.1,12,34,12
2019-06-27T23:50+00:00,5904,0,11,0,11,329,12,332,12,3.8,3.9,12,12,6.5,12,995.7,12,,,40,12,0.0,12,0,12,,,0,12,25.2,12,25.5,12,23.8,12,21.1,12,21.4,12,21.1,12,16.0,12,16.2,12,16.0,12,42,12
2019-06-28T00:00+00:00,5904,0,11,0,11,325,12,318,12,3.7,3.8,12,12,6.3,12,995.6,12,,,40,12,0.0,12,0,12,,,0,12,25.2,12,25.5,12,23.8,12,21.0,12,21.0,12,20.9,12,15.7,12,15.9,12,15.6,12,59,12
2019-06-28T00:10+00:00,5904,0,11,0,11,323,12,323,12,4.2,4.3,12,12,7.7,12,995.7,12,,,40,12,0.0,12,0,12,,,0,12,25.1,12,25.4,12,23.9,12,21.0,12,21.0,12,20.9,12,15.6,12,15.7,12,15.5,12,5,12
2019-06-28T00:20+00:00,5904,0,11,0,11,324,12,313,12,4.6,4.7,12,12,8.1,12,995.6,12,,,41,12,0.0,12,0,12,,,0,12,25.1,12,25.4,12,23.9,12,20.7,12,20.9,12,20.7,12,15.7,12,15.7,12,15.4,12,11,12
2019-06-28T00:30+00:00,5904,0,11,0,11,325,12,321,12,4.4,4.5,12,12,7.5,12,995.7,12,,,41,12,0.0,12,0,12,,,0,12,25.0,12,25.4,12,23.9,12,20.7,12,20.8,12,20.7,12,15.9,12,15.9,12,15.7,12,21,12
2019-06-28T00:40+00:00,5904,0,11,0,11,324,12,325,12,4.2,4.3,12,12,7.1,12,995.7,12,,,42,12,0.0,12,0,12,,,0,12,24.9,12,25.4,12,23.9,12,20.4,12,20.6,12,20.3,12,15.4,12,15.8,12,15.4,12,30,12
2019-06-28T00:50+00:00,5904,0,11,0,11,326,12,329,12,4.4,4.5,12,12,7.8,12,995.7,12,,,43,12,0.0,12,0,12,,,0,12,24.9,12,25.3,12,23.9,12,20.2,12,20.4,12,20.2,12,15.5,12,15.5,12,15.2,12,43,12
2019-06-28T01:00+00:00,5904,0,11,0,11,327,12,327,12,4.0,4.1,12,12,7.0,12,995.7,12,,,43,12,0.0,12,0,12,,,0,12,24.8,12,25.3,12,23.9,12,20.1,12,20.3,12,20.1,12,15.2,12,15.5,12,15.2,12,51,12
2019-06-28T01:10+00:00,5904,0,11,0,11,322,12,321,12,3.6,3.7,12,12,6.3,12,995.7,12,,,44,12,0.0,12,0,12,,,0,12,24.8,12,25.3,12,23.9,12,19.9,12,20.1,12,19.9,12,14.6,12,15.2,12,14.6,12,2,12
2019-06-28T01:20+00:00,5904,0,11,0,11,317,12,319,12,4.0,4.1,12,12,7.9,12,995.7,12,,,44,12,0.0,12,0,12,,,0,12,24.7,12,25.3,12,23.9,12,19.9,12,19.9,12,19.7,12,14.6,12,14.6,12,14.4,12,18,12
2019-06-28T01:30+00:00,5904,0,11,0,11,315,12,309,12,4.3,4.4,12,12,8.4,12,995.8,12,,,44,12,0.0,12,0,12,,,0,12,24.6,12,25.2,12,23.9,12,19.7,12,20.0,12,19.7,12,14.6,12,14.8,12,14.6,12,21,12
2019-06-28T01:40+00:00,5904,0,11,0,11,314,12,306,12,4.6,4.7,12,12,8.0,12,995.8,12,,,45,12,0.0,12,0,12,,,0,12,24.6,12,25.2,12,23.9,12,19.6,12,19.8,12,19.6,12,14.5,12,14.6,12,14.3,12,38,12
2019-06-28T01:50+00:00,5904,0,11,0,11,313,12,317,12,4.5,4.6,12,12,7.5,12,995.8,12,,,45,12,0.0,12,0,12,,,0,12,24.5,12,25.2,12,23.9,12,19.5,12,19.7,12,19.5,12,14.3,12,14.7,12,14.3,12,43,12
2019-06-28T02:00+00:00,5904,0,11,0,11,309,12,309,12,4.5,4.6,12,12,7.2,12,995.8,12,,,45,12,0.0,12,0,12,,,0,12,24.5,12,25.2,12,23.9,12,19.4,12,19.5,12,19.4,12,14.1,12,14.3,12,14.1,12,54,12
2019-06-28T02:10+00:00,5904,0,11,0,11,311,12,316,12,5.5,5.6,12,12,9.1,12,995.8,12,,,46,12,0.0,12,0,12,,,0,12,24.4,12,25.1,12,23.9,12,19.4,12,19.4,12,19.4,12,14.4,12,14.4,12,13.9,12,7,12
2019-06-28T02:20+00:00,5904,0,11,0,11,316,12,310,12,4.1,4.2,12,12,7.9,12,995.9,12,,,46,12,0.0,12,0,12,,,0,12,24.4,12,25.1,12,23.9,12,19.2,12,19.4,12,19.2,12,14.5,12,14.5,12,14.4,12,10,12
2019-06-28T02:30+00:00,5904,0,12,0,11,330,12,337,12,2.3,2.4,12,12,5.1,12,996.1,12,,,48,12,0.0,12,0,12,,,0,12,24.3,12,25.1,12,23.9,12,18.7,12,19.2,12,18.7,12,14.1,12,14.5,12,14.1,12,20,12
2019-06-28T02:40+00:00,5904,0,12,0,11,325,12,332,12,3.0,3.1,12,12,6.1,12,996.2,12,,,47,12,0.0,12,0,12,,,0,12,24.3,12,25.1,12,23.9,12,18.9,12,18.9,12,18.7,12,13.8,12,14.0,12,13.8,12,38,12
2019-06-28T02:50+00:00,5904,2,12,2,11,320,12,307,12,3.1,3.2,12,12,5.8,12,996.3,12,,,49,12,0.0,12,0,12,,,0,12,24.2,12,25.0,12,23.9,12,18.6,12,18.9,12,18.6,12,13.5,12,13.9,12,13.5,12,48,12
2019-06-28T03:00+00:00,5904,4,12,4,12,326,12,329,12,3.7,3.8,12,12,5.9,12,996.3,12,,,47,12,0.0,12,0,12,,,0,12,24.2,12,25.0,12,23.9,12,18.8,12,18.8,12,18.6,12,13.9,12,13.9,12,13.4,12,51,12
2019-06-28T03:10+00:00,5904,9,12,8,12,338,12,346,12,3.1,3.1,12,12,5.3,12,996.3,12,,,48,12,0.0,12,0,12,,,0,12,24.1,12,25.0,12,23.9,12,18.6,12,18.8,12,18.6,12,13.8,12,13.9,12,13.8,12,1,12
2019-06-28T03:20+00:00,5904,17,12,14,12,349,12,353,12,3.6,3.7,12,12,5.5,12,996.5,12,,,47,12,0.0,12,0,12,,,181,12,24.1,12,24.9,12,23.9,12,18.7,12,18.7,12,18.5,12,14.4,12,14.4,12,13.7,12,19,12
2019-06-28T03:30+00:00,5904,30,12,20,12,337,12,338,12,4.6,4.7,12,12,6.8,12,996.5,12,,,48,12,0.0,12,0,12,,,600,12,24.0,12,24.9,12,23.9,12,18.7,12,18.8,12,18.6,12,14.8,12,14.8,12,14.4,12,24,12
2019-06-28T03:40+00:00,5904,46,12,27,12,340,12,329,12,4.5,4.6,12,12,7.4,12,996.6,12,,,47,12,0.0,12,0,12,,,600,12,24.0,12,24.9,12,23.9,12,19.0,12,19.0,12,18.6,12,15.2,12,15.2,12,14.6,12,37,12
2019-06-28T03:50+00:00,5904,65,12,33,12,331,12,348,12,4.7,4.7,12,12,7.1,12,996.6,12,,,47,12,0.0,12,0,12,,,600,12,24.0,12,24.9,12,23.9,12,19.0,12,19.0,12,18.9,12,15.4,12,15.4,12,15.1,12,40,12
2019-06-28T04:00+00:00,5904,86,12,38,12,328,12,331,12,3.9,4.0,12,12,6.2,12,996.7,12,,,48,12,0.0,12,0,12,,,600,12,23.9,12,24.9,12,23.9,12,19.0,12,19.1,12,19.0,12,15.6,12,15.6,12,15.4,12,50,12
2019-06-28T04:10+00:00,5904,109,12,43,12,329,12,333,12,3.5,3.6,12,12,6.0,12,996.8,12,,,48,12,0.0,12,0,12,,,600,12,23.8,12,24.8,12,23.9,12,19.0,12,19.0,12,18.9,12,16.1,12,16.1,12,15.6,12,6,12
2019-06-28T04:20+00:00,5904,133,12,48,12,332,12,320,12,4.0,4.1,12,12,6.2,12,996.8,12,,,48,12,0.0,12,0,12,,,600,12,23.8,12,24.8,12,23.9,12,19.1,12,19.1,12,19.1,12,17.0,12,17.0,12,16.2,12,16,12
2019-06-28T04:30+00:00,5904,158,12,52,12,330,12,327,12,3.2,3.3,12,12,5.3,12,996.8,12,,,48,12,0.0,12,0,12,,,600,12,23.8,12,24.8,12,23.8,12,19.3,12,19.3,12,19.1,12,17.2,12,17.4,12,17.2,12,25,12
2019-06-28T04:40+00:00,5904,184,12,56,12,322,12,332,12,3.4,3.6,12,12,5.9,12,996.8,12,,,47,12,0.0,12,0,12,,,600,12,23.7,12,24.7,12,23.8,12,19.5,12,19.5,12,19.3,12,17.3,12,17.4,12,17.3,12,35,12
2019-06-28T04:50+00:00,5904,212,12,61,12,326,12,328,12,2.1,2.2,12,12,5.0,12,996.7,12,,,47,12,0.0,12,0,12,,,600,12,23.7,12,24.7,12,23.8,12,19.9,12,19.9,12,19.5,12,17.2,12,17.3,12,17.2,12,47,12
2019-06-28T05:00+00:00,5904,240,12,64,12,312,12,316,12,2.3,2.4,12,12,4.9,12,996.7,12,,,47,12,0.0,12,0,12,,,600,12,23.7,12,24.7,12,23.8,12,20.2,12,20.2,12,19.9,12,17.3,12,17.3,12,17.1,12,53,12
2019-06-28T05:10+00:00,5904,266,12,67,12,319,12,323,12,2.6,2.7,12,12,6.5,12,996.7,12,,,46,12,0.0,12,0,12,,,600,12,23.7,12,24.6,12,23.8,12,20.5,12,20.5,12,20.2,12,17.7,12,17.7,12,17.3,12,9,12
2019-06-28T05:20+00:00,5904,293,12,69,12,317,12,319,12,2.5,2.7,12,12,5.8,12,996.7,12,,,46,12,0.0,12,0,12,,,600,12,23.6,12,24.6,12,23.8,12,20.9,12,21.0,12,20.4,12,18.1,12,18.1,12,17.7,12,12,12
2019-06-28T05:30+00:00,5904,322,12,73,12,313,12,299,12,3.0,3.1,12,12,5.6,12,996.8,12,,,46,12,0.0,12,0,12,,,600,12,23.6,12,24.6,12,23.8,12,21.1,12,21.1,12,20.7,12,20.5,12,20.5,12,18.2,12,20,12
2019-06-28T05:40+00:00,5904,350,12,75,12,324,12,318,12,3.7,3.8,12,12,6.9,12,996.9,12,,,45,12,0.0,12,0,12,,,600,12,23.6,12,24.6,12,23.8,12,21.2,12,21.2,12,21.1,12,22.8,12,22.8,12,20.9,12,33,12
2019-06-28T05:50+00:00,5904,380,12,77,12,324,12,312,12,3.7,3.8,12,12,6.7,12,996.9,12,,,44,12,0.0,12,0,12,,,600,12,23.5,12,24.6,12,23.8,12,21.4,12,21.4,12,21.1,12,27.0,12,27.0,12,23.3,12,45,12
2019-06-28T06:00+00:00,5904,410,12,80,12,327,12,338,12,3.7,3.8,12,12,6.7,12,996.9,12,,,44,12,0.0,12,0,12,,,600,12,23.5,12,24.5,12,23.8,12,21.4,12,21.5,12,21.2,12,29.4,12,29.4,12,27.2,12,51,12
2019-06-28T06:10+00:00,5904,439,12,81,12,337,12,342,12,3.9,4.0,12,12,7.1,12,996.9,12,,,45,12,0.0,12,0,12,,,600,12,23.5,12,24.5,12,23.8,12,21.5,12,21.5,12,21.3,12,30.7,12,30.7,12,29.4,12,6,12
2019-06-28T06:20+00:00,5904,466,12,83,12,331,12,333,12,3.9,4.0,12,12,6.7,12,996.9,12,,,44,12,0.0,12,0,12,,,600,12,23.5,12,24.5,12,23.8,12,21.7,12,21.8,12,21.5,12,31.8,12,31.8,12,31.0,12,11,12
2019-06-28T06:30+00:00,5904,491,12,84,12,334,12,328,12,3.0,3.2,12,12,5.7,12,996.9,12,,,44,12,0.0,12,0,12,,,600,12,23.5,12,24.5,12,23.8,12,22.0,12,22.1,12,21.7,12,33.0,12,33.0,12,31.7,12,20,12
2019-06-28T06:40+00:00,5904,517,12,128,12,347,12,359,12,3.5,3.7,12,12,7.0,12,997.0,12,,,45,12,0.0,12,0,12,,,600,12,23.5,12,24.4,12,23.8,12,22.1,12,22.1,12,21.9,12,33.2,12,33.2,12,32.9,12,33,12
2019-06-28T06:50+00:00,5904,544,12,88,12,345,12,338,12,3.0,3.1,12,12,5.5,12,997.1,12,,,44,12,0.0,12,0,12,,,600,12,23.5,12,24.4,12,23.8,12,22.4,12,22.4,12,22.0,12,34.2,12,34.2,12,33.2,12,43,12
2019-06-28T07:00+00:00,5904,569,12,89,12,353,12,344,12,4.4,4.6,12,12,7.1,12,997.1,12,,,43,12,0.0,12,0,12,,,600,12,23.5,12,24.4,12,23.8,12,22.3,12,22.4,12,22.3,12,34.5,12,34.6,12,34.3,12,57,12
2019-06-28T07:10+00:00,5904,594,12,90,12,1,12,333,12,2.6,2.8,12,12,5.9,12,997.1,12,,,45,12,0.0,12,0,12,,,600,12,23.5,12,24.4,12,23.8,12,22.4,12,22.4,12,22.2,12,34.2,12,34.5,12,33.9,12,9,12
2019-06-28T07:20+00:00,5904,620,12,90,12,345,12,337,12,3.5,3.6,12,12,6.7,12,997.1,12,,,46,12,0.0,12,0,12,,,600,12,23.5,12,24.3,12,23.8,12,22.4,12,22.6,12,22.4,12,35.0,12,35.1,12,34.4,12,17,12
2019-06-28T07:30+00:00,5904,643,12,90,12,353,12,359,12,3.0,3.3,12,12,7.2,12,997.0,12,,,47,12,0.0,12,0,12,,,600,12,23.6,12,24.3,12,23.8,12,22.6,12,22.6,12,22.2,12,35.1,12,35.2,12,34.5,12,25,12
2019-06-28T07:40+00:00,5904,666,12,90,12,354,12,345,12,3.7,3.9,12,12,6.9,12,997.0,12,,,46,12,0.0,12,0,12,,,600,12,23.6,12,24.3,12,23.8,12,22.7,12,22.7,12,22.5,12,35.8,12,35.8,12,35.2,12,35,12
2019-06-28T07:50+00:00,5904,689,12,92,12,355,12,346,12,3.5,3.7,12,12,7.1,12,996.9,12,,,44,12,0.0,12,0,12,,,600,12,23.6,12,24.3,12,23.8,12,23.0,12,23.0,12,22.6,12,36.5,12,36.5,12,35.9,12,42,12
2019-06-28T08:00+00:00,5904,710,12,92,12,332,12,339,12,3.4,3.6,12,12,6.3,12,996.9,12,,,44,12,0.0,12,0,12,,,600,12,23.7,12,24.2,12,23.8,12,23.2,12,23.3,12,23.1,12,36.3,12,37.0,12,36.3,12,54,12
2019-06-28T08:10+00:00,5904,733,12,94,12,314,12,300,12,2.9,3.1,12,12,6.1,12,996.9,12,,,43,12,0.0,12,0,12,,,600,12,23.7,12,24.2,12,23.8,12,23.5,12,23.6,12,23.1,12,36.1,12,36.6,12,36.0,12,0,12
2019-06-28T08:20+00:00,5904,752,12,97,12,345,12,343,12,2.2,2.5,12,12,5.6,12,996.9,12,,,44,12,0.0,12,0,12,,,600,12,23.7,12,24.2,12,23.7,12,23.7,12,23.8,12,23.5,12,35.9,12,36.2,12,35.6,12,11,12
2019-06-28T08:30+00:00,5904,769,12,97,12,10,12,46,12,2.6,3.0,12,12,6.9,12,996.8,12,,,45,12,0.0,12,0,12,,,600,12,23.8,12,24.2,12,23.7,12,23.6,12,23.9,12,23.4,12,36.5,12,36.5,12,36.0,12,23,12
2019-06-28T08:40+00:00,5904,789,12,97,12,3,12,334,12,2.9,3.3,12,12,6.9,12,996.7,12,,,43,12,0.0,12,0,12,,,600,12,23.8,12,24.2,12,23.7,12,23.7,12,24.0,12,23.6,12,36.9,12,37.3,12,36.8,12,36,12
2019-06-28T08:50+00:00,5904,806,12,98,12,342,12,322,12,2.1,2.4,12,12,6.1,12,996.7,12,,,41,12,0.0,12,0,12,,,600,12,23.9,12,24.2,12,23.7,12,23.8,12,24.0,12,23.6,12,36.8,12,37.0,12,36.6,12,44,12
2019-06-28T09:00+00:00,5904,830,12,98,12,8,12,42,12,3.1,3.5,12,12,7.0,12,996.7,12,,,42,12,0.0,12,0,12,,,600,12,24.0,12,24.2,12,23.7,12,24.2,12,24.3,12,24.0,12,37.1,12,37.5,12,37.1,12,58,12
2019-06-28T09:10+00:00,5904,843,12,99,12,11,12,36,12,2.9,3.2,12,12,6.1,12,996.6,12,,,39,12,0.0,12,0,12,,,600,12,24.0,12,24.2,12,23.7,12,24.4,12,24.4,12,24.2,12,37.7,12,37.7,12,37.0,12,0,12
2019-06-28T09:20+00:00,5904,860,12,99,12,9,12,15,12,3.6,3.8,12,12,9.4,12,996.6,12,,,40,12,0.0,12,0,12,,,600,12,24.1,12,24.1,12,23.7,12,24.5,12,24.5,12,24.2,12,37.2,12,37.6,12,37.2,12,19,12
2019-06-28T09:30+00:00,5904,868,12,97,12,8,12,360,12,4.6,4.8,12,12,8.0,12,996.6,12,,,39,12,0.0,12,0,12,,,600,12,24.2,12,24.1,12,23.7,12,24.4,12,24.5,12,24.4,12,38.2,12,38.2,12,37.2,12,21,12
2019-06-28T09:40+00:00,5904,879,12,102,12,20,12,26,12,4.4,4.6,12,12,8.6,12,996.5,12,,,39,12,0.0,12,0,12,,,600,12,24.2,12,24.1,12,23.7,12,24.3,12,24.6,12,24.3,12,37.7,12,38.1,12,37.5,12,37,12
2019-06-28T09:50+00:00,5904,889,12,100,12,16,12,24,12,5.1,5.3,12,12,9.8,12,996.5,12,,,39,12,0.0,12,0,12,,,600,12,24.3,12,24.1,12,23.7,12,24.4,12,24.5,12,24.3,12,37.1,12,37.6,12,36.9,12,43,12
2019-06-28T10:00+00:00,5904,901,12,99,12,10,12,2,12,4.6,4.9,12,12,8.2,12,996.5,12,,,40,12,0.0,12,0,12,,,600,12,24.4,12,24.1,12,23.7,12,24.8,12,24.8,12,24.5,12,38.3,12,38.3,12,37.1,12,50,12
2019-06-28T10:10+00:00,5904,907,12,104,12,12,12,12,12,4.2,4.4,12,12,8.4,12,996.5,12,,,41,12,0.0,12,0,12,,,600,12,24.5,12,24.1,12,23.7,12,24.7,12,24.8,12,24.6,12,38.0,12,38.6,12,37.9,12,0,12
2019-06-28T10:20+00:00,5904,914,12,112,12,12,12,359,12,5.2,5.3,12,12,8.9,12,996.5,12,,,39,12,0.0,12,0,12,,,600,12,24.6,12,24.1,12,23.7,12,25.1,12,25.3,12,24.7,12,38.9,12,39.2,12,38.1,12,12,12
2019-06-28T10:30+00:00,5904,832,12,147,12,32,12,28,12,3.8,4.1,12,12,8.1,12,996.3,12,,,40,12,0.0,12,0,12,,,558,12,24.7,12,24.1,12,23.7,12,24.7,12,25.1,12,24.7,12,36.8,12,39.1,12,36.8,12,28,12
2019-06-28T10:40+00:00,5904,816,12,148,12,26,12,38,12,4.4,4.6,12,12,8.1,12,996.3,12,,,41,12,0.0,12,0,12,,,572,12,24.8,12,24.1,12,23.7,12,25.1,12,25.1,12,24.6,12,37.1,12,37.1,12,36.1,12,32,12
2019-06-28T10:50+00:00,5904,907,12,128,12,27,12,34,12,4.1,4.4,12,12,8.0,12,996.5,12,,,40,12,0.0,12,0,12,,,599,12,24.8,12,24.1,12,23.6,12,25.3,12,25.3,12,25.0,12,37.2,12,37.2,12,36.9,12,48,12
2019-06-28T11:00+00:00,5904,932,12,125,12,25,12,28,12,4.1,4.3,12,12,7.8,12,996.5,12,,,39,12,0.0,12,0,12,,,600,12,24.9,12,24.1,12,23.6,12,24.9,12,25.4,12,24.9,12,37.8,12,38.1,12,37.4,12,52,12
2019-06-28T11:10+00:00,5904,944,12,146,12,6,12,319,12,3.5,3.8,12,12,6.7,12,996.3,12,,,40,12,0.0,12,0,12,,,600,12,25.0,12,24.1,12,23.6,12,25.8,12,25.8,12,25.0,12,39.7,12,39.7,12,38.1,12,7,12
2019-06-28T11:20+00:00,5904,943,12,175,12,357,12,3,12,3.0,3.3,12,12,7.6,12,996.1,12,,,39,12,0.0,12,0,12,,,600,12,25.1,12,24.2,12,23.6,12,26.0,12,26.1,12,25.5,12,40.6,12,40.6,12,40.0,12,10,12
2019-06-28T11:30+00:00,5904,851,12,207,12,10,12,34,12,2.9,3.6,12,12,6.9,12,996.1,12,,,38,12,0.0,12,0,12,,,571,12,25.2,12,24.2,12,23.6,12,25.9,12,26.3,12,25.9,12,39.0,12,40.7,12,39.0,12,27,12
2019-06-28T11:40+00:00,5904,512,12,280,11,12,12,27,12,4.6,5.0,12,12,8.3,12,996.2,12,,,38,12,0.0,12,0,12,,,329,12,25.3,12,24.2,12,23.6,12,25.5,12,25.8,12,25.3,12,35.8,12,38.4,12,35.2,12,39,12
2019-06-28T11:50+00:00,5904,644,12,321,11,8,12,9,12,4.4,4.7,12,12,8.5,12,996.1,12,,,38,12,0.0,12,0,12,,,367,12,25.3,12,24.2,12,23.6,12,25.7,12,25.9,12,25.6,12,35.0,12,36.7,12,35.0,12,43,12
2019-06-28T12:00+00:00,5904,653,12,305,12,343,12,323,12,4.2,4.4,12,12,8.6,12,996.1,12,,,37,12,0.0,12,0,12,,,453,12,25.4,12,24.2,12,23.6,12,25.7,12,26.0,12,25.6,12,34.9,12,35.8,12,34.9,12,52,12
2019-06-28T12:10+00:00,5904,728,12,266,11,4,12,27,12,3.5,3.8,12,12,8.1,12,996.1,12,,,37,12,0.0,12,0,12,,,437,12,25.5,12,24.2,12,23.6,12,26.0,12,26.3,12,25.9,12,35.6,12,37.7,12,35.0,12,9,12
2019-06-28T12:20+00:00,5904,701,12,249,11,2,12,9,12,3.8,4.1,12,12,7.6,12,996.0,12,,,36,12,0.0,12,0,12,,,476,12,25.6,12,24.2,12,23.6,12,26.4,12,26.4,12,25.5,12,36.5,12,36.8,12,34.0,12,13,12
2019-06-28T12:30+00:00,5904,839,12,210,12,10,12,3,12,3.2,3.5,12,12,6.6,12,995.9,12,,,37,12,0.0,12,0,12,,,599,12,25.6,12,24.2,12,23.6,12,27.2,12,27.2,12,26.2,12,39.4,12,39.4,12,36.3,12,23,12
2019-06-28T12:40+00:00,5904,944,12,209,12,347,12,305,12,3.0,3.3,12,12,9.3,12,995.8,12,,,34,12,0.0,12,0,12,,,600,12,25.7,12,24.3,12,23.6,12,27.4,12,27.4,12,27.1,12,41.9,12,41.9,12,39.8,12,32,12
2019-06-28T12:50+00:00,5904,943,12,222,12,356,12,337,12,4.4,4.7,12,12,9.2,12,995.8,12,,,34,12,0.0,12,0,12,,,600,12,25.7,12,24.3,12,23.5,12,27.4,12,27.5,12,27.2,12,41.6,12,41.8,12,41.1,12,40,12
2019-06-28T13:00+00:00,5904,485,12,284,11,28,12,42,12,3.4,3.8,12,12,6.9,12,995.7,12,,,36,12,0.0,12,0,12,,,257,12,25.8,12,24.3,12,23.5,12,26.2,12,27.5,12,26.2,12,36.8,12,41.8,12,36.8,12,55,12
2019-06-28T13:10+00:00,5904,673,12,229,12,24,12,340,12,3.8,4.1,12,12,6.3,12,995.7,12,,,35,12,0.0,12,0,12,,,465,12,25.8,12,24.3,12,23.5,12,26.5,12,26.7,12,26.1,12,34.6,12,36.4,12,34.6,12,9,12
2019-06-28T13:20+00:00,5904,448,12,185,11,343,12,312,12,3.9,4.1,12,12,7.6,12,995.7,12,,,33,12,0.0,12,0,12,,,293,12,25.9,12,24.4,12,23.5,12,26.6,12,26.9,12,26.4,12,33.3,12,34.4,12,32.4,12,12,12
2019-06-28T13:30+00:00,5904,537,12,176,12,356,12,339,12,3.0,3.4,12,12,6.6,12,995.7,12,,,34,12,0.0,12,0,12,,,442,12,26.0,12,24.4,12,23.5,12,26.6,12,27.0,12,26.5,12,33.6,12,35.2,12,33.2,12,29,12
2019-06-28T13:40+00:00,5904,610,12,152,11,345,12,348,12,4.7,4.8,12,12,7.2,12,995.6,12,,,34,12,0.0,12,0,12,,,520,12,26.0,12,24.4,12,23.5,12,27.1,12,27.1,12,26.4,12,35.3,12,35.3,12,32.6,12,31,12
2019-06-28T13:50+00:00,5904,770,12,137,12,359,12,359,12,3.2,3.4,12,12,8.2,12,995.5,12,,,35,12,0.0,12,0,12,,,599,12,26.0,12,24.4,12,23.5,12,27.5,12,27.5,12,26.9,12,37.7,12,37.7,12,35.5,12,49,12
2019-06-28T14:00+00:00,5904,746,12,142,12,348,12,343,12,5.1,5.2,12,12,8.5,12,995.5,12,,,32,12,0.0,12,0,12,,,600,12,26.1,12,24.4,12,23.5,12,27.4,12,27.7,12,27.4,12,34.9,12,37.7,12,34.9,12,57,12
2019-06-28T14:10+00:00,5904,714,12,120,12,358,12,333,12,3.5,3.9,12,12,8.6,12,995.6,12,,,37,12,0.0,12,0,12,,,600,12,26.1,12,24.5,12,23.5,12,27.8,12,27.8,12,27.1,12,36.5,12,36.5,12,33.9,12,0,12
2019-06-28T14:20+00:00,5904,699,12,132,12,352,12,341,12,4.5,5.1,12,12,8.3,12,995.5,12,,,32,12,0.0,12,0,12,,,600,12,26.2,12,24.5,12,23.5,12,27.6,12,27.8,12,27.4,12,37.2,12,37.6,12,36.9,12,18,12
2019-06-28T14:30+00:00,5904,662,12,116,12,1,12,6,12,4.2,4.5,12,12,7.7,12,995.5,12,,,36,12,0.0,12,0,12,,,600,12,26.2,12,24.5,12,23.5,12,27.7,12,27.7,12,27.5,12,37.7,12,37.7,12,37.0,12,23,12
2019-06-28T14:40+00:00,5904,643,12,119,12,5,12,12,12,4.1,4.3,12,12,8.4,12,995.5,12,,,32,12,0.0,12,0,12,,,600,12,26.2,12,24.5,12,23.5,12,27.4,12,27.9,12,27.2,12,37.7,12,38.0,12,37.6,12,32,12
2019-06-28T14:50+00:00,5904,612,12,110,12,357,12,354,12,2.6,2.9,12,12,6.9,12,995.5,12,,,34,12,0.0,12,0,12,,,600,12,26.3,12,24.6,12,23.5,12,27.6,12,27.7,12,27.2,12,37.8,12,38.0,12,37.3,12,45,12
2019-06-28T15:00+00:00,5904,585,12,108,12,3,12,41,12,2.4,2.7,12,12,7.5,12,995.5,12,,,33,12,0.0,12,0,12,,,600,12,26.3,12,24.6,12,23.5,12,27.3,12,27.8,12,27.2,12,37.5,12,37.7,12,37.5,12,53,12
2019-06-28T15:10+00:00,5904,579,12,129,12,25,12,27,12,3.2,3.4,12,12,6.8,12,995.5,12,,,34,12,0.0,12,0,12,,,600,12,26.3,12,24.6,12,23.5,12,27.3,12,27.5,12,27.3,12,37.2,12,37.9,12,37.2,12,8,12
2019-06-28T15:20+00:00,5904,536,12,111,12,1,12,355,12,4.0,4.3,12,12,7.7,12,995.5,12,,,34,12,0.0,12,0,12,,,600,12,26.4,12,24.6,12,23.5,12,27.4,12,27.5,12,27.2,12,36.5,12,36.8,12,36.5,12,12,12
2019-06-28T15:30+00:00,5904,509,12,107,12,360,12,343,12,3.4,3.6,12,12,6.3,12,995.5,12,,,34,12,0.0,12,0,12,,,600,12,26.4,12,24.6,12,23.5,12,27.3,12,27.6,12,27.2,12,33.4,12,36.3,12,33.4,12,21,12
2019-06-28T15:40+00:00,5904,468,12,94,12,2,12,9,12,2.5,2.8,12,12,5.5,12,995.5,12,,,34,12,0.0,12,0,12,,,600,12,26.4,12,24.7,12,23.5,12,27.1,12,27.6,12,27.1,12,28.6,12,32.8,12,28.6,12,30,12
2019-06-28T15:50+00:00,5904,432,12,91,12,13,12,24,12,4.4,4.5,12,12,7.2,12,995.5,12,,,35,12,0.0,12,0,12,,,600,12,26.4,12,24.7,12,23.5,12,27.0,12,27.1,12,26.9,12,26.5,12,28.3,12,26.5,12,47,12
2019-06-28T16:00+00:00,5904,412,12,84,12,13,12,12,12,3.1,3.2,12,12,6.5,12,995.5,12,,,36,12,0.0,12,0,12,,,600,12,26.4,12,24.7,12,23.5,12,27.0,12,27.2,12,26.8,12,25.1,12,26.3,12,25.1,12,50,12
2019-06-28T16:10+00:00,5904,384,12,81,12,27,12,29,12,3.6,3.7,12,12,6.5,12,995.5,12,,,36,12,0.0,12,0,12,,,600,12,26.4,12,24.7,12,23.5,12,26.6,12,27.1,12,26.6,12,24.6,12,25.1,12,24.6,12,4,12
2019-06-28T16:20+00:00,5904,355,12,78,12,21,12,3,12,4.3,4.4,12,12,7.6,12,995.5,12,,,37,12,0.0,12,0,12,,,600,12,26.4,12,24.8,12,23.5,12,26.3,12,26.5,12,26.3,12,24.9,12,24.9,12,24.4,12,18,12
2019-06-28T16:30+00:00,5904,329,12,73,12,359,12,339,12,3.3,3.5,12,12,6.0,12,995.5,12,,,39,12,0.0,12,0,12,,,600,12,26.4,12,24.8,12,23.5,12,26.0,12,26.3,12,26.0,12,24.1,12,24.9,12,24.1,12,26,12
2019-06-28T16:40+00:00,5904,299,12,70,12,18,12,30,12,2.7,2.9,12,12,6.0,12,995.5,12,,,37,12,0.0,12,0,12,,,600,12,26.4,12,24.8,12,23.5,12,25.9,12,26.0,12,25.9,12,23.7,12,24.0,12,23.7,12,36,12
2019-06-28T16:50+00:00,5904,270,12,68,12,31,12,48,12,2.7,2.9,12,12,7.1,12,995.5,12,,,37,12,0.0,12,0,12,,,600,12,26.3,12,24.8,12,23.5,12,25.8,12,25.9,12,25.8,12,23.4,12,23.7,12,23.4,12,41,12
2019-06-28T17:00+00:00,5904,243,12,64,12,24,12,346,12,2.7,2.9,12,12,5.4,12,995.5,12,,,38,12,0.0,12,0,12,,,600,12,26.3,12,24.8,12,23.5,12,25.5,12,25.8,12,25.5,12,23.1,12,23.4,12,23.1,12,51,12
2019-06-28T17:10+00:00,5904,217,12,61,12,28,12,27,12,3.7,3.8,12,12,6.6,12,995.6,12,,,38,12,0.0,12,0,12,,,600,12,26.2,12,24.8,12,23.5,12,25.4,12,25.5,12,25.4,12,22.8,12,23.1,12,22.8,12,9,12
2019-06-28T17:20+00:00,5904,190,12,56,12,24,12,29,12,3.9,4.0,12,12,6.7,12,995.6,12,,,38,12,0.0,12,0,12,,,600,12,26.2,12,24.9,12,23.5,12,25.1,12,25.3,12,25.1,12,22.4,12,22.9,12,22.4,12,16,12
2019-06-28T17:30+00:00,5904,166,12,52,12,28,12,24,12,4.0,4.1,12,12,6.9,12,995.6,12,,,39,12,0.0,12,0,12,,,600,12,26.2,12,24.9,12,23.5,12,25.0,12,25.1,12,25.0,12,22.2,12,22.4,12,22.2,12,21,12
2019-06-28T17:40+00:00,5904,140,12,48,12,12,12,17,12,3.6,3.7,12,12,6.7,12,995.6,12,,,39,12,0.0,12,0,12,,,600,12,26.1,12,24.9,12,23.5,12,24.8,12,24.9,12,24.8,12,21.6,12,22.1,12,21.6,12,39,12
2019-06-28T17:50+00:00,5904,116,12,43,12,31,12,20,12,4.1,4.2,12,12,7.1,12,995.6,12,,,39,12,0.0,12,0,12,,,600,12,26.0,12,24.9,12,23.5,12,24.6,12,24.7,12,24.5,12,21.2,12,21.5,12,21.2,12,40,12
2019-06-28T18:00+00:00,5904,92,12,38,12,41,12,43,12,3.8,3.8,12,12,6.9,12,995.7,12,,,41,12,0.0,12,0,12,,,600,12,26.0,12,24.9,12,23.5,12,24.3,12,24.5,12,24.3,12,21.1,12,21.3,12,21.1,12,55,12
2019-06-28T18:10+00:00,5904,71,12,33,12,41,12,41,12,4.3,4.3,12,12,7.1,12,995.8,12,,,42,12,0.0,12,0,12,,,600,12,25.9,12,24.9,12,23.5,12,24.0,12,24.3,12,24.0,12,20.9,12,21.1,12,20.9,12,2,12
2019-06-28T18:20+00:00,5904,52,12,27,12,37,12,40,12,3.1,3.2,12,12,5.5,12,995.9,12,,,43,12,0.0,12,0,12,,,600,12,25.9,12,24.9,12,23.5,12,23.8,12,24.0,12,23.8,12,20.4,12,20.8,12,20.4,12,11,12
2019-06-28T18:30+00:00,5904,30,12,21,12,24,12,31,12,2.1,2.2,12,12,3.7,12,996.0,12,,,44,12,0.0,12,0,12,,,308,12,25.8,12,24.9,12,23.5,12,23.5,12,23.8,12,23.5,12,19.5,12,20.3,12,19.5,12,26,12
2019-06-28T18:40+00:00,5904,16,12,16,11,21,12,17,12,2.6,2.7,12,12,4.0,12,996.1,12,,,44,12,0.0,12,0,12,,,0,12,25.8,12,24.9,12,23.5,12,23.3,12,23.5,12,23.2,12,18.8,12,19.5,12,18.8,12,33,12
2019-06-28T18:50+00:00,5904,11,12,11,12,5,12,7,12,1.6,1.6,12,12,3.4,12,996.2,12,,,45,12,0.0,12,0,12,,,0,12,25.7,12,24.9,12,23.5,12,23.0,12,23.2,12,23.0,12,18.1,12,18.7,12,18.1,12,41,12
2019-06-28T19:00+00:00,5904,6,12,6,11,3,12,12,12,2.0,2.1,12,12,3.6,12,996.3,12,,,44,12,0.0,12,0,12,,,0,12,25.7,12,24.9,12,23.5,12,22.8,12,23.0,12,22.8,12,17.6,12,18.1,12,17.6,12,58,12
2019-06-28T19:10+00:00,5904,2,12,2,11,2,12,30,12,2.2,2.3,12,12,3.5,12,996.3,12,,,45,12,0.0,12,0,12,,,0,12,25.6,12,24.9,12,23.5,12,22.5,12,22.8,12,22.4,12,17.0,12,17.5,12,17.0,12,0,12
2019-06-28T19:20+00:00,5904,1,12,0,12,3,12,3,12,2.3,2.4,12,12,3.9,12,996.5,12,,,46,12,0.0,12,0,12,,,0,12,25.5,12,24.9,12,23.5,12,22.1,12,22.4,12,22.1,12,16.6,12,17.0,12,16.6,12,17,12
2019-06-28T19:30+00:00,5904,0,12,0,11,17,12,8,12,2.9,3.0,12,12,4.5,12,996.7,12,,,46,12,0.0,12,0,12,,,0,12,25.5,12,24.9,12,23.5,12,21.9,12,22.2,12,21.9,12,16.3,12,16.6,12,16.3,12,23,12
2019-06-28T19:40+00:00,5904,0,11,0,11,20,12,16,12,3.0,3.0,12,12,4.7,12,996.7,12,,,46,12,0.0,12,0,12,,,0,12,25.4,12,24.9,12,23.5,12,21.8,12,22.0,12,21.7,12,15.9,12,16.2,12,15.9,12,34,12
2019-06-28T19:50+00:00,5904,0,12,0,11,9,12,15,12,2.4,2.5,12,12,4.1,12,996.8,12,,,47,12,0.0,12,0,12,,,0,12,25.4,12,24.9,12,23.6,12,21.5,12,21.8,12,21.4,12,15.6,12,15.8,12,15.6,12,42,12
2019-06-28T20:00+00:00,5904,0,12,0,11,5,12,2,12,2.0,2.1,12,12,3.2,12,996.8,12,,,49,12,0.0,12,0,12,,,0,12,25.3,12,24.9,12,23.6,12,21.2,12,21.5,12,21.2,12,15.4,12,15.6,12,15.4,12,51,12
2019-06-28T20:10+00:00,5904,0,12,0,11,4,12,357,12,2.1,2.1,12,12,3.4,12,997.0,12,,,49,12,0.0,12,0,12,,,0,12,25.2,12,24.9,12,23.6,12,21.2,12,21.3,12,21.1,12,15.2,12,15.3,12,15.2,12,9,12
2019-06-28T20:20+00:00,5904,0,12,0,11,15,12,23,12,2.2,2.2,12,12,4.1,12,997.0,12,,,49,12,0.0,12,0,12,,,0,12,25.2,12,24.9,12,23.6,12,21.0,12,21.0,12,20.9,12,15.0,12,15.2,12,15.0,12,18,12
2019-06-28T20:30+00:00,5904,0,11,0,11,24,12,22,12,2.4,2.5,12,12,4.6,12,997.1,12,,,50,12,0.0,12,0,12,,,0,12,25.1,12,24.9,12,23.6,12,20.8,12,21.0,12,20.8,12,14.9,12,15.0,12,14.9,12,29,12
2019-06-28T20:40+00:00,5904,0,12,0,11,20,12,23,12,2.5,2.6,12,12,4.1,12,997.2,12,,,51,12,0.0,12,0,12,,,0,12,25.1,12,24.9,12,23.6,12,20.7,12,21.0,12,20.7,12,14.7,12,14.9,12,14.7,12,38,12
2019-06-28T20:50+00:00,5904,0,12,0,11,20,12,20,12,2.0,2.1,12,12,3.2,12,997.3,12,,,52,12,0.0,12,0,12,,,0,12,25.0,12,24.9,12,23.6,12,20.4,12,20.7,12,20.4,12,14.5,12,14.7,12,14.5,12,40,12
2019-06-28T21:00+00:00,5904,0,12,0,11,19,12,43,12,1.6,1.6,12,12,2.8,12,997.3,12,,,53,12,0.0,12,0,12,,,0,12,24.9,12,24.9,12,23.6,12,19.9,12,20.5,12,19.9,12,14.3,12,14.5,12,14.3,12,52,12
2019-06-28T21:10+00:00,5904,0,12,0,11,2,12,9,12,1.3,1.3,12,12,2.2,12,997.4,12,,,55,12,0.0,12,0,12,,,0,12,24.9,12,24.9,12,23.6,12,19.7,12,19.9,12,19.7,12,14.2,12,14.3,12,14.2,12,2,12
2019-06-28T21:20+00:00,5904,0,12,0,11,12,12,21,12,1.5,1.5,12,12,2.7,12,997.6,12,,,56,12,0.0,12,0,12,,,0,12,24.8,12,24.9,12,23.6,12,19.3,12,19.7,12,19.3,12,14.0,12,14.2,12,14.0,12,17,12
2019-06-28T21:30+00:00,5904,0,12,0,11,30,12,54,12,1.8,1.9,12,12,3.2,12,997.7,12,,,56,12,0.0,12,0,12,,,0,12,24.8,12,24.8,12,23.6,12,19.3,12,19.3,12,19.1,12,13.9,12,14.0,12,13.9,12,24,12
2019-06-28T21:40+00:00,5904,0,12,0,11,26,12,28,12,2.1,2.1,12,12,3.3,12,997.8,12,,,56,12,0.0,12,0,12,,,0,12,24.7,12,24.8,12,23.6,12,19.1,12,19.3,12,19.0,12,13.7,12,13.9,12,13.7,12,35,12
2019-06-28T21:50+00:00,5904,0,12,0,11,22,12,15,12,2.0,2.1,12,12,2.9,12,997.9,12,,,57,12,0.0,12,0,12,,,0,12,24.6,12,24.8,12,23.6,12,19.0,12,19.2,12,19.0,12,13.6,12,13.7,12,13.6,12,45,12
2019-06-28T22:00+00:00,5904,0,12,0,11,11,12,16,12,1.6,1.6,12,12,2.6,12,997.9,12,,,58,12,0.0,12,0,12,,,0,12,24.6,12,24.8,12,23.6,12,18.9,12,19.1,12,18.8,12,13.5,12,13.6,12,13.5,12,57,12
2019-06-28T22:10+00:00,5904,0,12,0,11,8,12,355,12,1.7,1.7,12,12,2.6,12,997.9,12,,,59,12,0.0,12,0,12,,,0,12,24.5,12,24.8,12,23.6,12,18.6,12,18.8,12,18.6,12,13.3,12,13.5,12,13.3,12,7,12
2019-06-28T22:20+00:00,5904,0,12,0,11,360,12,348,12,1.6,1.6,12,12,2.1,12,997.9,12,,,61,12,0.0,12,0,12,,,0,12,24.5,12,24.8,12,23.6,12,18.2,12,18.5,12,18.2,12,13.2,12,13.3,12,13.2,12,10,12
2019-06-28T22:30+00:00,5904,0,12,0,11,345,12,339,12,1.4,1.4,12,12,1.9,12,998.0,12,,,60,12,0.0,12,0,12,,,0,12,24.4,12,24.8,12,23.6,12,18.3,12,18.3,12,18.1,12,13.0,12,13.2,12,13.0,12,27,12
2019-06-28T22:40+00:00,5904,0,11,0,11,331,12,339,12,1.3,1.4,12,12,2.0,12,998.0,12,,,60,12,0.0,12,0,12,,,0,12,24.4,12,24.7,12,23.6,12,18.3,12,18.3,12,18.3,12,13.0,12,13.0,12,12.9,12,31,12
2019-06-28T22:50+00:00,5904,0,12,0,11,342,12,336,12,1.4,1.4,12,12,1.8,12,998.0,12,,,62,12,0.0,12,0,12,,,0,12,24.3,12,24.7,12,23.6,12,17.8,12,18.3,12,17.8,12,12.8,12,13.0,12,12.8,12,43,12
2019-06-28T23:00+00:00,5904,0,12,0,11,343,12,346,12,1.0,1.0,12,12,1.5,12,998.0,12,,,62,12,0.0,12,0,12,,,0,12,24.2,12,24.7,12,23.6,12,17.8,12,17.9,12,17.7,12,12.6,12,12.8,12,12.6,12,50,12
2019-06-28T23:10+00:00,5904,0,12,0,11,317,12,312,12,1.1,1.1,12,12,1.3,12,998.0,12,,,63,12,0.0,12,0,12,,,0,12,24.2,12,24.7,12,23.6,12,17.6,12,17.8,12,17.6,12,12.6,12,12.6,12,12.6,12,5,12
2019-06-28T23:20+00:00,5904,0,12,0,11,315,12,318,12,1.2,1.3,12,12,1.6,12,998.0,12,,,64,12,0.0,12,0,12,,,0,12,24.1,12,24.7,12,23.6,12,17.3,12,17.5,12,17.3,12,12.4,12,12.6,12,12.4,12,15,12
2019-06-28T23:30+00:00,5904,0,12,0,11,327,12,330,12,1.3,1.3,12,12,1.6,12,998.0,12,,,64,12,0.0,12,0,12,,,0,12,24.1,12,24.6,12,23.6,12,17.3,12,17.3,12,17.2,12,12.3,12,12.4,12,12.3,12,21,12
2019-06-28T23:40+00:00,5904,0,11,0,11,321,12,319,12,1.2,1.2,12,12,1.5,12,998.0,12,,,64,12,0.0,12,0,12,,,0,12,24.0,12,24.6,12,23.6,12,17.2,12,17.5,12,17.2,12,12.2,12,12.2,12,12.2,12,35,12
2019-06-28T23:50+00:00,5904,0,12,0,11,324,12,320,12,1.2,1.2,12,12,1.6,12,998.0,12,,,64,12,0.0,12,0,12,,,0,12,24.0,12,24.6,12,23.6,12,17.1,12,17.2,12,17.1,12,12.1,12,12.2,12,12.1,12,47,12
2019-06-29T00:00+00:00,5904,0,11,0,11,323,12,332,12,1.3,1.3,12,12,1.6,12,997.9,12,,,66,12,0.0,12,0,12,,,0,12,23.9,12,24.6,12,23.6,12,16.8,12,17.1,12,16.8,12,12.1,12,12.1,12,12.1,12,58,12
2019-06-29T00:10+00:00,5904,0,12,0,11,319,12,318,12,1.6,1.6,12,12,2.0,12,997.9,12,,,65,12,0.0,12,0,12,,,0,12,23.9,12,24.6,12,23.6,12,16.8,12,16.8,12,16.7,12,12.1,12,12.1,12,12.1,12,7,12
2019-06-29T00:20+00:00,5904,0,11,0,11,319,12,319,12,1.7,1.7,12,12,2.0,12,997.9,12,,,65,12,0.0,12,0,12,,,0,12,23.8,12,24.6,12,23.6,12,16.7,12,16.8,12,16.7,12,12.1,12,12.1,12,12.1,12,16,12
2019-06-29T00:30+00:00,5904,0,12,0,11,321,12,312,12,1.8,1.8,12,12,2.2,12,998.0,12,,,65,12,0.0,12,0,12,,,0,12,23.8,12,24.5,12,23.6,12,16.6,12,16.7,12,16.6,12,11.9,12,12.0,12,11.9,12,23,12
2019-06-29T00:40+00:00,5904,0,12,0,11,324,12,330,12,1.7,1.8,12,12,2.3,12,997.9,12,,,64,12,0.0,12,0,12,,,0,12,23.7,12,24.5,12,23.6,12,16.6,12,16.6,12,16.6,12,12.0,12,12.0,12,11.9,12,32,12
2019-06-29T00:50+00:00,5904,0,12,0,11,312,12,320,12,1.6,1.6,12,12,1.9,12,997.8,12,,,66,12,0.0,12,0,12,,,0,12,23.7,12,24.5,12,23.6,12,16.5,12,16.6,12,16.5,12,11.9,12,12.0,12,11.9,12,40,12
2019-06-29T01:00+00:00,5904,0,12,0,11,318,12,314,12,1.7,1.7,12,12,2.0,12,997.8,12,,,68,12,0.0,12,0,12,,,0,12,23.6,12,24.5,12,23.6,12,16.3,12,16.4,12,16.3,12,11.8,12,11.9,12,11.8,12,54,12
2019-06-29T01:10+00:00,5904,0,12,0,11,327,12,326,12,1.3,1.3,12,12,1.7,12,997.8,12,,,68,12,0.0,12,0,12,,,0,12,23.6,12,24.4,12,23.6,12,16.2,12,16.3,12,16.2,12,11.6,12,11.8,12,11.6,12,0,12
2019-06-29T01:20+00:00,5904,0,12,0,11,318,12,317,12,1.3,1.3,12,12,1.6,12,997.7,12,,,68,12,0.0,12,0,12,,,0,12,23.5,12,24.4,12,23.6,12,16.2,12,16.2,12,16.1,12,11.6,12,11.6,12,11.6,12,16,12
2019-06-29T01:30+00:00,5904,0,12,0,11,321,12,314,12,1.4,1.4,12,12,1.7,12,997.7,12,,,69,12,0.0,12,0,12,,,0,12,23.5,12,24.4,12,23.6,12,16.1,12,16.2,12,16.1,12,11.6,12,11.6,12,11.6,12,20,12
2019-06-29T01:40+00:00,5904,0,12,0,12,322,12,326,12,1.2,1.2,12,12,1.4,12,997.8,12,,,69,12,0.0,12,0,12,,,0,12,23.4,12,24.4,12,23.6,12,15.9,12,16.0,12,15.9,12,11.5,12,11.5,12,11.5,12,30,12
2019-06-29T01:50+00:00,5904,0,12,0,12,325,12,329,12,1.1,1.1,12,12,1.3,12,997.8,12,,,71,12,0.0,12,0,12,,,0,12,23.4,12,24.4,12,23.6,12,15.4,12,16.0,12,15.4,12,11.3,12,11.4,12,11.3,12,44,12
2019-06-29T02:00+00:00,5904,1,12,0,12,327,12,332,12,0.8,0.8,12,12,1.2,12,997.8,12,,,71,12,0.0,12,0,12,,,0,12,23.3,12,24.3,12,23.6,12,15.3,12,15.4,12,15.3,12,11.2,12,11.3,12,11.2,12,50,12
2019-06-29T02:10+00:00,5904,0,12,0,12,5,12,325,12,0.4,0.4,12,12,1.2,12,997.9,12,,,72,12,0.0,12,0,12,,,0,12,23.3,12,24.3,12,23.6,12,15.0,12,15.2,12,15.0,12,11.1,12,11.2,12,11.1,12,0,12
2019-06-29T02:20+00:00,5904,0,12,0,12,345,12,21,12,0.2,0.3,12,12,0.9,12,997.9,12,,,73,12,0.0,12,0,12,,,0,12,23.2,12,24.3,12,23.6,12,14.9,12,15.0,12,14.8,12,10.9,12,11.0,12,10.9,12,13,12
2019-06-29T02:30+00:00,5904,0,12,0,12,332,12,343,12,1.3,1.3,12,12,1.9,12,998.0,12,,,73,12,0.0,12,0,12,,,0,12,23.2,12,24.3,12,23.6,12,14.7,12,15.0,12,14.7,12,10.8,12,10.9,12,10.8,12,27,12
2019-06-29T02:40+00:00,5904,1,12,1,12,348,12,360,12,1.8,1.8,12,12,2.5,12,997.9,12,,,70,12,0.0,12,0,12,,,0,12,23.1,12,24.2,12,23.6,12,15.2,12,15.2,12,14.7,12,10.7,12,10.8,12,10.7,12,40,12
2019-06-29T02:50+00:00,5904,2,12,2,11,354,12,358,12,2.1,2.1,12,12,2.6,12,998.0,12,,,72,12,0.0,12,0,12,,,0,12,23.1,12,24.2,12,23.6,12,14.8,12,15.2,12,14.8,12,10.7,12,10.7,12,10.7,12,44,12
2019-06-29T03:00+00:00,5904,4,12,4,12,356,12,357,12,1.7,1.8,12,12,2.1,12,998.0,12,,,72,12,0.0,12,0,12,,,0,12,23.0,12,24.2,12,23.6,12,14.7,12,14.9,12,14.7,12,10.7,12,10.7,12,10.7,12,54,12
2019-06-29T03:10+00:00,5904,9,12,8,12,347,12,354,12,1.4,1.4,12,12,1.8,12,998.0,12,,,73,12,0.0,12,0,12,,,0,12,23.0,12,24.2,12,23.6,12,14.7,12,14.7,12,14.6,12,10.7,12,10.7,12,10.7,12,0,12
2019-06-29T03:20+00:00,5904,17,12,14,12,350,12,354,12,1.0,1.0,12,12,1.5,12,998.1,12,,,72,12,0.0,12,0,12,,,187,12,22.9,12,24.1,12,23.6,12,14.9,12,14.9,12,14.7,12,10.9,12,10.9,12,10.7,12,16,12
2019-06-29T03:30+00:00,5904,30,12,20,12,360,12,354,12,0.7,0.8,12,12,1.4,12,998.1,12,,,72,12,0.0,12,0,12,,,600,12,22.9,12,24.1,12,23.6,12,14.8,12,14.9,12,14.7,12,11.1,12,11.1,12,10.9,12,20,12
2019-06-29T03:40+00:00,5904,46,12,26,12,82,12,81,12,0.4,0.4,12,12,0.8,12,998.1,12,,,74,12,0.0,12,0,12,,,600,12,22.8,12,24.1,12,23.6,12,14.9,12,14.9,12,14.7,12,11.4,12,11.4,12,11.1,12,33,12
2019-06-29T03:50+00:00,5904,64,12,31,12,279,12,283,12,0.3,0.4,12,12,0.9,12,998.1,12,,,71,12,0.0,12,0,12,,,600,12,22.8,12,24.1,12,23.6,12,15.5,12,15.5,12,15.0,12,11.8,12,11.8,12,11.5,12,49,12
2019-06-29T04:00+00:00,5904,84,12,36,12,283,12,291,12,0.8,0.9,12,12,1.1,12,998.1,12,,,72,12,0.0,12,0,12,,,600,12,22.8,12,24.0,12,23.5,12,15.7,12,15.9,12,15.6,12,12.3,12,12.3,12,11.9,12,51,12
2019-06-29T04:10+00:00,5904,107,12,41,12,279,12,266,12,0.7,0.7,12,12,0.9,12,998.2,12,,,70,12,0.0,12,0,12,,,600,12,22.7,12,24.0,12,23.6,12,16.1,12,16.1,12,15.6,12,13.1,12,13.1,12,12.3,12,0,12
2019-06-29T04:20+00:00,5904,132,12,45,12,297,12,360,12,0.3,0.3,12,12,0.7,12,998.2,12,,,70,12,0.0,12,0,12,,,600,12,22.7,12,24.0,12,23.6,12,16.2,12,16.3,12,16.2,12,14.3,12,14.3,12,13.3,12,14,12
2019-06-29T04:30+00:00,5904,156,12,49,12,66,12,6,12,0.5,0.6,12,12,0.9,12,998.2,12,,,72,12,0.0,12,0,12,,,600,12,22.6,12,24.0,12,23.5,12,16.5,12,16.5,12,16.2,12,14.9,12,14.9,12,14.6,12,21,12
2019-06-29T04:40+00:00,5904,182,12,53,12,80,12,43,12,0.6,0.6,12,12,1.4,12,998.2,12,,,69,12,0.0,12,0,12,,,600,12,22.6,12,23.9,12,23.5,12,17.0,12,17.0,12,16.5,12,15.1,12,15.1,12,14.9,12,35,12
2019-06-29T04:50+00:00,5904,209,12,57,12,103,12,105,12,0.9,0.9,12,12,1.2,12,998.1,12,,,68,12,0.0,12,0,12,,,600,12,22.6,12,23.9,12,23.5,12,17.5,12,17.5,12,17.1,12,15.2,12,15.2,12,15.1,12,42,12
2019-06-29T05:00+00:00,5904,236,12,60,12,113,12,125,12,0.7,0.7,12,12,1.0,12,998.1,12,,,67,12,0.0,12,0,12,,,600,12,22.6,12,23.9,12,23.5,12,18.1,12,18.1,12,17.6,12,15.5,12,15.5,12,15.3,12,51,12
2019-06-29T05:10+00:00,5904,265,12,63,12,120,12,132,12,1.2,1.2,12,12,1.8,12,998.1,12,,,65,12,0.0,12,0,12,,,600,12,22.6,12,23.9,12,23.5,12,18.7,12,18.7,12,18.2,12,16.0,12,16.0,12,15.6,12,8,12
2019-06-29T05:20+00:00,5904,294,12,65,12,112,12,112,12,1.3,1.3,12,12,2.0,12,998.1,12,,,61,12,0.0,12,0,12,,,600,12,22.6,12,23.8,12,23.5,12,19.2,12,19.2,12,18.9,12,16.5,12,16.5,12,16.1,12,10,12
2019-06-29T05:30+00:00,5904,321,12,68,12,98,12,98,12,1.4,1.4,12,12,2.0,12,998.1,12,,,60,12,0.0,12,0,12,,,600,12,22.5,12,23.8,12,23.5,12,19.7,12,19.7,12,19.3,12,18.9,12,18.9,12,16.6,12,24,12
2019-06-29T05:40+00:00,5904,351,12,70,12,79,12,76,12,1.4,1.5,12,12,2.2,12,998.2,12,,,59,12,0.0,12,0,12,,,600,12,22.5,12,23.8,12,23.5,12,20.1,12,20.2,12,19.7,12,21.6,12,21.6,12,19.3,12,30,12
2019-06-29T05:50+00:00,5904,379,12,71,12,62,12,63,12,1.5,1.5,12,12,2.3,12,998.2,12,,,55,12,0.0,12,0,12,,,600,12,22.5,12,23.8,12,23.5,12,20.6,12,20.6,12,20.3,12,26.0,12,26.0,12,22.1,12,45,12
2019-06-29T06:00+00:00,5904,409,12,73,12,70,12,71,12,1.6,1.6,12,12,2.3,12,998.2,12,,,53,12,0.0,12,0,12,,,600,12,22.5,12,23.7,12,23.5,12,20.8,12,20.9,12,20.6,12,29.0,12,29.0,12,26.3,12,52,12
2019-06-29T06:10+00:00,5904,436,12,74,12,68,12,78,12,1.3,1.4,12,12,2.6,12,998.1,12,,,54,12,0.0,12,0,12,,,600,12,22.5,12,23.7,12,23.5,12,21.4,12,21.4,12,20.9,12,31.1,12,31.1,12,29.1,12,9,12
2019-06-29T06:20+00:00,5904,463,12,76,12,63,12,79,12,1.7,1.8,12,12,2.9,12,998.2,12,,,51,12,0.0,12,0,12,,,600,12,22.5,12,23.7,12,23.5,12,21.6,12,21.6,12,21.4,12,32.1,12,32.1,12,31.3,12,10,12
2019-06-29T06:30+00:00,5904,491,12,77,12,66,12,50,12,1.5,1.7,12,12,3.0,12,998.3,12,,,49,12,0.0,12,0,12,,,600,12,22.6,12,23.7,12,23.5,12,21.7,12,21.8,12,21.5,12,32.9,12,33.1,12,32.2,12,29,12
2019-06-29T06:40+00:00,5904,516,12,77,12,77,12,82,12,1.5,1.8,12,12,2.9,12,998.3,12,,,52,12,0.0,12,0,12,,,600,12,22.6,12,23.7,12,23.5,12,22.3,12,22.3,12,21.8,12,33.8,12,33.8,12,33.0,12,38,12
2019-06-29T06:50+00:00,5904,541,12,76,12,71,12,71,12,1.6,1.8,12,12,3.4,12,998.3,12,,,49,12,0.0,12,0,12,,,600,12,22.6,12,23.6,12,23.5,12,22.3,12,22.3,12,22.2,12,34.8,12,34.8,12,34.0,12,40,12
2019-06-29T07:00+00:00,5904,569,12,77,12,67,12,94,12,1.9,2.0,12,12,3.5,12,998.3,12,,,46,12,0.0,12,0,12,,,599,12,22.6,12,23.6,12,23.5,12,22.2,12,22.6,12,22.2,12,34.8,12,35.3,12,34.8,12,55,12
2019-06-29T07:10+00:00,5904,594,12,77,12,43,12,46,12,1.9,2.0,12,12,3.7,12,998.2,12,,,47,12,0.0,12,0,12,,,600,12,22.6,12,23.6,12,23.5,12,22.4,12,22.4,12,22.1,12,35.0,12,35.1,12,34.9,12,1,12
2019-06-29T07:20+00:00,5904,618,12,78,12,39,12,53,12,1.6,1.7,12,12,3.3,12,998.2,12,,,47,12,0.0,12,0,12,,,600,12,22.7,12,23.6,12,23.5,12,22.7,12,22.7,12,22.4,12,35.6,12,35.6,12,35.0,12,18,12
2019-06-29T07:30+00:00,5904,642,12,80,12,61,12,61,12,1.1,1.5,12,12,3.5,12,998.2,12,,,46,12,0.0,12,0,12,,,600,12,22.7,12,23.5,12,23.4,12,23.0,12,23.1,12,22.4,12,36.7,12,36.7,12,35.6,12,29,12
2019-06-29T07:40+00:00,5904,664,12,81,12,84,12,57,12,1.6,1.8,12,12,3.5,12,998.1,12,,,48,12,0.0,12,0,12,,,600,12,22.7,12,23.5,12,23.4,12,23.1,12,23.2,12,22.8,12,37.4,12,37.4,12,36.5,12,31,12
2019-06-29T07:50+00:00,5904,688,12,83,12,70,12,44,12,1.7,1.9,12,12,4.2,12,998.1,12,,,47,12,0.0,12,0,12,,,600,12,22.7,12,23.5,12,23.4,12,23.5,12,23.5,12,22.9,12,36.6,12,37.5,12,36.6,12,44,12
2019-06-29T08:00+00:00,5904,707,12,86,12,99,12,104,12,1.6,1.8,12,12,3.8,12,998.1,12,,,46,12,0.0,12,0,12,,,600,12,22.8,12,23.5,12,23.4,12,23.4,12,23.8,12,23.2,12,36.8,12,36.9,12,36.5,12,53,12
2019-06-29T08:10+00:00,5904,727,12,87,12,78,12,80,12,2.5,2.6,12,12,4.4,12,998.2,12,,,43,12,0.0,12,0,12,,,600,12,22.8,12,23.5,12,23.4,12,23.6,12,23.7,12,23.5,12,37.1,12,37.4,12,37.0,12,5,12
2019-06-29T08:20+00:00,5904,753,12,87,12,90,12,97,12,1.5,1.7,12,12,3.5,12,998.2,12,,,43,12,0.0,12,0,12,,,600,12,22.9,12,23.5,12,23.4,12,23.6,12,23.8,12,23.6,12,37.5,12,37.5,12,37.0,12,17,12
2019-06-29T08:30+00:00,5904,768,12,90,12,94,12,104,12,1.4,1.6,12,12,3.1,12,998.2,12,,,43,12,0.0,12,0,12,,,600,12,23.0,12,23.5,12,23.4,12,23.5,12,23.9,12,23.4,12,38.0,12,38.1,12,37.5,12,24,12
2019-06-29T08:40+00:00,5904,788,12,91,12,80,12,78,12,1.3,1.5,12,12,4.2,12,998.2,12,,,43,12,0.0,12,0,12,,,599,12,23.0,12,23.4,12,23.4,12,24.1,12,24.1,12,23.5,12,38.9,12,39.0,12,37.8,12,34,12
2019-06-29T08:50+00:00,5904,805,12,92,12,19,12,37,12,1.4,1.8,12,12,4.6,12,998.1,12,,,41,12,0.0,12,0,12,,,600,12,23.1,12,23.4,12,23.4,12,24.3,12,24.5,12,24.2,12,38.9,12,39.1,12,38.8,12,42,12
2019-06-29T09:00+00:00,5904,821,12,93,12,87,12,75,12,1.2,1.5,12,12,3.9,12,998.1,12,,,42,12,0.0,12,0,12,,,600,12,23.1,12,23.4,12,23.4,12,24.4,12,24.5,12,24.2,12,39.5,12,39.5,12,39.0,12,60,12
2019-06-29T09:10+00:00,5904,836,12,95,12,96,12,90,12,3.2,3.3,12,12,5.5,12,998.1,12,,,43,12,0.0,12,0,12,,,600,12,23.2,12,23.4,12,23.4,12,24.5,12,24.8,12,24.5,12,39.6,12,40.1,12,39.5,12,2,12
2019-06-29T09:20+00:00,5904,844,12,103,12,145,12,153,12,2.6,2.8,12,12,5.5,12,998.0,12,,,44,12,0.0,12,0,12,,,600,12,23.3,12,23.4,12,23.4,12,25.2,12,25.2,12,24.4,12,39.5,12,40.0,12,39.5,12,16,12
2019-06-29T09:30+00:00,5904,864,12,101,12,138,12,142,12,2.1,2.3,12,12,5.3,12,998.0,12,,,41,12,0.0,12,0,12,,,600,12,23.4,12,23.4,12,23.4,12,24.9,12,25.1,12,24.8,12,39.5,12,39.8,12,38.9,12,21,12
2019-06-29T09:40+00:00,5904,879,12,106,12,173,12,77,12,1.2,1.8,12,12,4.4,12,997.9,12,,,41,12,0.0,12,0,12,,,600,12,23.5,12,23.4,12,23.4,12,25.2,12,25.2,12,24.8,12,40.4,12,40.4,12,39.6,12,39,12
2019-06-29T09:50+00:00,5904,874,12,114,12,95,12,118,12,1.2,1.6,12,12,3.6,12,997.8,12,,,40,12,0.0,12,0,12,,,600,12,23.5,12,23.4,12,23.3,12,25.2,12,25.3,12,24.9,12,40.1,12,40.3,12,39.9,12,41,12
2019-06-29T10:00+00:00,5904,893,12,103,12,79,12,69,12,2.3,2.6,12,12,4.9,12,997.7,12,,,40,12,0.0,12,0,12,,,600,12,23.7,12,23.4,12,23.3,12,25.3,12,25.4,12,25.1,12,40.5,12,40.5,12,40.0,12,53,12
2019-06-29T10:10+00:00,5904,901,12,98,12,101,12,167,12,1.9,2.3,12,12,4.1,12,997.7,12,,,38,12,0.0,12,0,12,,,600,12,23.7,12,23.4,12,23.3,12,25.4,12,25.5,12,25.1,12,40.8,12,40.8,12,40.6,12,5,12
2019-06-29T10:20+00:00,5904,907,12,100,12,64,12,88,12,1.5,1.7,12,12,3.5,12,997.6,12,,,40,12,0.0,12,0,12,,,600,12,23.8,12,23.4,12,23.3,12,25.2,12,25.3,12,24.8,12,40.4,12,40.5,12,39.9,12,20,12
2019-06-29T10:30+00:00,5904,906,12,106,12,67,12,114,12,1.8,2.2,12,12,4.6,12,997.6,12,,,40,12,0.0,12,0,12,,,600,12,24.0,12,23.4,12,23.3,12,25.4,12,25.5,12,25.1,12,40.5,12,40.6,12,40.4,12,29,12
2019-06-29T10:40+00:00,5904,915,12,102,12,90,12,61,12,2.8,2.9,12,12,4.7,12,997.3,12,,,36,12,0.0,12,0,12,,,600,12,24.0,12,23.4,12,23.3,12,25.3,12,25.5,12,25.2,12,41.1,12,41.2,12,40.6,12,38,12
2019-06-29T10:50+00:00,5904,922,12,97,12,92,12,89,12,2.5,2.7,12,12,4.9,12,997.3,12,,,36,12,0.0,12,0,12,,,600,12,24.1,12,23.4,12,23.3,12,25.6,12,25.8,12,25.4,12,42.0,12,42.0,12,41.1,12,44,12
2019-06-29T11:00+00:00,5904,920,12,96,12,97,12,83,12,2.1,2.4,12,12,4.8,12,997.2,12,,,38,12,0.0,12,0,12,,,600,12,24.2,12,23.5,12,23.3,12,25.8,12,26.0,12,25.7,12,41.4,12,42.1,12,41.3,12,50,12
2019-06-29T11:10+00:00,5904,926,12,92,12,78,12,102,12,2.0,2.2,12,12,3.6,12,997.1,12,,,35,12,0.0,12,0,12,,,599,12,24.3,12,23.5,12,23.3,12,25.8,12,25.9,12,25.5,12,41.5,12,41.6,12,41.2,12,2,12
2019-06-29T11:20+00:00,5904,917,12,95,12,70,12,96,12,2.2,2.4,12,12,5.0,12,997.1,12,,,36,12,0.0,12,0,12,,,600,12,24.4,12,23.5,12,23.3,12,25.9,12,26.0,12,25.8,12,41.8,12,42.0,12,41.0,12,17,12
2019-06-29T11:30+00:00,5904,916,12,93,12,94,12,124,12,2.2,2.5,12,12,5.1,12,997.1,12,,,34,12,0.0,12,0,12,,,600,12,24.5,12,23.5,12,23.3,12,26.0,12,26.1,12,25.9,12,41.9,12,42.2,12,41.8,12,27,12
2019-06-29T11:40+00:00,5904,914,12,92,12,83,12,74,12,1.6,2.0,12,12,4.8,12,997.0,12,,,36,12,0.0,12,0,12,,,600,12,24.6,12,23.5,12,23.3,12,26.4,12,26.4,12,26.0,12,42.5,12,42.5,12,41.6,12,32,12
2019-06-29T11:50+00:00,5904,907,12,92,12,55,12,71,12,2.2,2.4,12,12,4.3,12,997.0,12,,,33,12,0.0,12,0,12,,,600,12,24.7,12,23.5,12,23.3,12,26.2,12,26.5,12,26.1,12,41.6,12,42.6,12,41.5,12,41,12
2019-06-29T12:00+00:00,5904,897,12,93,12,39,12,35,12,2.1,2.4,12,12,6.1,12,997.0,12,,,32,12,0.0,12,0,12,,,600,12,24.8,12,23.5,12,23.3,12,26.6,12,26.7,12,26.4,12,42.1,12,42.4,12,41.8,12,59,12
2019-06-29T12:10+00:00,5904,886,12,92,12,359,12,37,12,1.2,1.5,12,12,5.0,12,996.8,12,,,32,12,0.0,12,0,12,,,600,12,24.9,12,23.6,12,23.3,12,26.4,12,26.6,12,26.2,12,41.6,12,42.0,12,41.3,12,0,12
2019-06-29T12:20+00:00,5904,874,12,93,12,238,12,204,12,0.7,1.1,12,12,2.7,12,996.7,12,,,33,12,0.0,12,0,12,,,600,12,25.0,12,23.6,12,23.2,12,26.8,12,26.8,12,26.4,12,42.1,12,42.1,12,41.6,12,14,12
2019-06-29T12:30+00:00,5904,866,12,90,12,79,12,97,12,1.8,2.2,12,12,4.0,12,996.7,12,,,34,12,0.0,12,0,12,,,600,12,25.1,12,23.6,12,23.2,12,26.9,12,27.0,12,26.6,12,41.9,12,42.2,12,41.5,12,28,12
2019-06-29T12:40+00:00,5904,855,12,89,12,78,12,59,12,1.6,2.0,12,12,4.9,12,996.6,12,,,34,12,0.0,12,0,12,,,600,12,25.2,12,23.6,12,23.2,12,27.1,12,27.2,12,26.9,12,42.4,12,42.7,12,42.0,12,36,12
2019-06-29T12:50+00:00,5904,843,12,87,12,106,12,99,12,1.8,2.2,12,12,4.2,12,996.6,12,,,34,12,0.0,12,0,12,,,600,12,25.3,12,23.7,12,23.2,12,27.3,12,27.4,12,27.1,12,42.5,12,42.6,12,42.1,12,43,12
2019-06-29T13:00+00:00,5904,828,12,87,12,88,12,108,12,3.0,3.2,12,12,5.3,12,996.6,12,,,35,12,0.0,12,0,12,,,600,12,25.4,12,23.7,12,23.2,12,27.6,12,27.6,12,27.3,12,42.2,12,42.6,12,42.2,12,53,12
2019-06-29T13:10+00:00,5904,811,12,87,12,86,12,67,12,2.2,2.4,12,12,4.2,12,996.5,12,,,32,12,0.0,12,0,12,,,600,12,25.5,12,23.7,12,23.2,12,27.6,12,28.0,12,27.5,12,37.6,12,42.0,12,37.6,12,0,12
2019-06-29T13:20+00:00,5904,796,12,87,12,60,12,47,12,2.5,2.7,12,12,5.3,12,996.3,12,,,33,12,0.0,12,0,12,,,600,12,25.6,12,23.7,12,23.2,12,27.4,12,27.7,12,27.3,12,38.2,12,38.2,12,37.0,12,15,12
2019-06-29T13:30+00:00,5904,772,12,87,12,103,12,95,12,1.5,1.8,12,12,4.2,12,996.3,12,,,35,12,0.0,12,0,12,,,600,12,25.6,12,23.8,12,23.2,12,28.2,12,28.2,12,27.3,12,40.2,12,40.2,12,38.5,12,27,12
2019-06-29T13:40+00:00,5904,756,12,85,12,106,12,115,12,1.8,2.1,12,12,3.6,12,996.3,12,,,32,12,0.0,12,0,12,,,600,12,25.7,12,23.8,12,23.2,12,28.5,12,28.5,12,28.1,12,40.5,12,40.6,12,40.0,12,32,12
2019-06-29T13:50+00:00,5904,735,12,82,12,45,12,65,12,2.4,2.7,12,12,5.1,12,996.3,12,,,31,12,0.0,12,0,12,,,600,12,25.8,12,23.8,12,23.2,12,28.0,12,28.6,12,27.7,12,39.5,12,40.6,12,39.5,12,48,12
2019-06-29T14:00+00:00,5904,718,12,80,12,54,12,59,12,2.3,2.5,12,12,4.6,12,996.2,12,,,33,12,0.0,12,0,12,,,600,12,25.8,12,23.9,12,23.2,12,27.9,12,28.0,12,27.8,12,36.1,12,39.3,12,36.1,12,51,12
2019-06-29T14:10+00:00,5904,698,12,78,12,64,12,67,12,1.7,2.0,12,12,4.0,12,996.1,12,,,29,12,0.0,12,0,12,,,600,12,25.9,12,23.9,12,23.2,12,27.9,12,28.3,12,27.8,12,36.8,12,36.8,12,34.8,12,3,12
2019-06-29T14:20+00:00,5904,678,12,77,12,69,12,66,12,1.4,1.6,12,12,3.5,12,996.1,12,,,30,12,0.0,12,0,12,,,600,12,26.0,12,23.9,12,23.2,12,28.0,12,28.1,12,27.7,12,38.6,12,38.6,12,37.1,12,14,12
2019-06-29T14:30+00:00,5904,656,12,76,12,38,12,36,12,1.8,1.9,12,12,4.1,12,996.0,12,,,28,12,0.0,12,0,12,,,600,12,26.0,12,24.0,12,23.2,12,28.4,12,28.7,12,28.2,12,39.9,12,39.9,12,38.8,12,22,12
2019-06-29T14:40+00:00,5904,636,12,74,12,31,12,360,12,1.2,1.7,12,12,4.2,12,995.9,12,,,29,12,0.0,12,0,12,,,600,12,26.1,12,24.0,12,23.2,12,28.4,12,28.7,12,28.2,12,40.1,12,40.1,12,39.6,12,32,12
2019-06-29T14:50+00:00,5904,609,12,73,12,44,12,39,12,1.3,1.7,12,12,3.8,12,995.9,12,,,29,12,0.0,12,0,12,,,600,12,26.1,12,24.0,12,23.2,12,28.9,12,28.9,12,28.6,12,40.1,12,40.5,12,40.1,12,49,12
2019-06-29T15:00+00:00,5904,584,12,71,12,45,12,37,12,2.1,2.3,12,12,4.2,12,995.8,12,,,29,12,0.0,12,0,12,,,600,12,26.2,12,24.1,12,23.2,12,28.3,12,28.9,12,28.3,12,39.0,12,40.1,12,39.0,12,56,12
2019-06-29T15:10+00:00,5904,559,12,70,12,33,12,353,12,1.3,2.1,12,12,4.1,12,995.7,12,,,27,12,0.0,12,0,12,,,600,12,26.2,12,24.1,12,23.2,12,28.8,12,28.8,12,28.1,12,39.3,12,39.5,12,38.9,12,7,12
2019-06-29T15:20+00:00,5904,534,12,69,12,336,12,354,12,1.8,2.0,12,12,4.0,12,995.7,12,,,31,12,0.0,12,0,12,,,600,12,26.2,12,24.1,12,23.2,12,28.5,12,29.2,12,28.3,12,39.0,12,39.1,12,38.6,12,11,12
2019-06-29T15:30+00:00,5904,508,12,67,12,357,12,342,12,1.7,1.9,12,12,3.5,12,995.6,12,,,28,12,0.0,12,0,12,,,600,12,26.3,12,24.1,12,23.2,12,28.8,12,29.5,12,28.7,12,35.4,12,38.9,12,35.4,12,20,12
2019-06-29T15:40+00:00,5904,482,12,66,12,50,12,41,12,1.5,1.5,12,12,2.6,12,995.6,12,,,28,12,0.0,12,0,12,,,600,12,26.3,12,24.2,12,23.2,12,28.4,12,28.9,12,28.2,12,29.6,12,34.7,12,29.6,12,35,12
2019-06-29T15:50+00:00,5904,454,12,64,12,68,12,82,12,1.2,1.4,12,12,2.7,12,995.5,12,,,29,12,0.0,12,0,12,,,600,12,26.3,12,24.2,12,23.2,12,28.9,12,29.1,12,28.2,12,27.4,12,29.3,12,27.4,12,44,12
2019-06-29T16:00+00:00,5904,426,12,64,12,7,12,358,12,2.2,2.3,12,12,4.1,12,995.6,12,,,28,12,0.0,12,0,12,,,600,12,26.3,12,24.2,12,23.2,12,28.5,12,28.7,12,28.1,12,25.7,12,27.2,12,25.7,12,59,12
2019-06-29T16:10+00:00,5904,398,12,63,12,3,12,340,12,1.8,1.9,12,12,3.4,12,995.6,12,,,29,12,0.0,12,0,12,,,600,12,26.3,12,24.3,12,23.2,12,28.2,12,28.8,12,28.2,12,24.6,12,25.6,12,24.6,12,9,12
2019-06-29T16:20+00:00,5904,369,12,64,12,4,12,18,12,1.9,2.0,12,12,3.2,12,995.5,12,,,28,12,0.0,12,0,12,,,600,12,26.3,12,24.3,12,23.2,12,27.7,12,28.5,12,27.7,12,24.8,12,24.8,12,24.4,12,14,12
2019-06-29T16:30+00:00,5904,337,12,64,12,5,12,346,12,1.4,1.6,12,12,3.4,12,995.5,12,,,30,12,0.0,12,0,12,,,600,12,26.3,12,24.3,12,23.2,12,27.4,12,27.7,12,27.4,12,24.2,12,24.8,12,24.2,12,29,12
2019-06-29T16:40+00:00,5904,308,12,65,12,17,12,50,12,2.0,2.1,12,12,3.1,12,995.5,12,,,28,12,0.0,12,0,12,,,600,12,26.3,12,24.4,12,23.2,12,27.4,12,27.4,12,27.4,12,23.5,12,24.1,12,23.5,12,36,12
2019-06-29T16:50+00:00,5904,280,12,63,12,354,12,331,12,1.8,1.9,12,12,3.5,12,995.6,12,,,30,12,0.0,12,0,12,,,600,12,26.2,12,24.4,12,23.2,12,27.2,12,27.4,12,27.1,12,23.1,12,23.5,12,23.1,12,43,12
2019-06-29T17:00+00:00,5904,250,12,61,12,359,12,3,12,1.5,1.7,12,12,2.9,12,995.6,12,,,32,12,0.0,12,0,12,,,600,12,26.2,12,24.4,12,23.2,12,26.9,12,27.2,12,26.9,12,22.7,12,23.3,12,22.7,12,50,12
2019-06-29T17:10+00:00,5904,222,12,58,12,349,12,343,12,1.4,1.5,12,12,3.1,12,995.6,12,,,32,12,0.0,12,0,12,,,600,12,26.2,12,24.4,12,23.2,12,26.9,12,27.1,12,26.8,12,22.2,12,22.6,12,22.2,12,7,12
2019-06-29T17:20+00:00,5904,194,12,55,12,14,12,15,12,1.8,1.9,12,12,2.9,12,995.6,12,,,32,12,0.0,12,0,12,,,600,12,26.1,12,24.4,12,23.2,12,26.7,12,26.9,12,26.6,12,21.9,12,22.2,12,21.9,12,13,12
2019-06-29T17:30+00:00,5904,168,12,52,12,13,12,12,12,1.7,1.8,12,12,2.8,12,995.5,12,,,33,12,0.0,12,0,12,,,600,12,26.1,12,24.5,12,23.2,12,26.6,12,26.8,12,26.5,12,21.6,12,21.8,12,21.6,12,22,12
2019-06-29T17:40+00:00,5904,142,12,49,12,6,12,42,12,1.3,1.4,12,12,2.7,12,995.5,12,,,34,12,0.0,12,0,12,,,600,12,26.0,12,24.5,12,23.2,12,26.4,12,26.6,12,26.3,12,21.1,12,21.5,12,21.1,12,32,12
2019-06-29T17:50+00:00,5904,118,12,44,12,9,12,23,12,0.9,1.0,12,12,2.2,12,995.5,12,,,35,12,0.0,12,0,12,,,600,12,26.0,12,24.5,12,23.2,12,25.9,12,26.3,12,25.9,12,20.6,12,21.1,12,20.6,12,43,12
2019-06-29T18:00+00:00,5904,94,12,40,12,359,12,347,12,1.0,1.1,12,12,2.3,12,995.5,12,,,38,12,0.0,12,0,12,,,600,12,25.9,12,24.5,12,23.2,12,25.5,12,26.0,12,25.5,12,20.2,12,20.6,12,20.2,12,57,12
2019-06-29T18:10+00:00,5904,73,12,35,12,341,12,343,12,1.1,1.2,12,12,1.7,12,995.5,12,,,40,12,0.0,12,0,12,,,600,12,25.9,12,24.5,12,23.2,12,25.0,12,25.4,12,25.0,12,19.8,12,20.2,12,19.8,12,3,12
2019-06-29T18:20+00:00,5904,52,12,30,12,344,12,343,12,1.3,1.3,12,12,1.7,12,995.5,12,,,43,12,0.0,12,0,12,,,600,12,25.8,12,24.5,12,23.2,12,24.5,12,25.2,12,24.5,12,19.4,12,19.8,12,19.4,12,16,12
2019-06-29T18:30+00:00,5904,30,12,23,11,8,12,7,12,1.2,1.2,12,12,1.7,12,995.5,12,,,41,12,0.0,12,0,12,,,304,12,25.8,12,24.5,12,23.2,12,24.8,12,24.8,12,24.5,12,18.9,12,19.3,12,18.9,12,24,12
2019-06-29T18:40+00:00,5904,17,12,17,11,14,12,47,12,1.3,1.4,12,12,2.2,12,995.5,12,,,44,12,0.0,12,0,12,,,0,12,25.7,12,24.6,12,23.2,12,24.4,12,24.8,12,24.4,12,18.6,12,19.0,12,18.6,12,31,12
2019-06-29T18:50+00:00,5904,11,12,11,11,20,12,2,12,1.0,1.1,12,12,1.9,12,995.5,12,,,44,12,0.0,12,0,12,,,0,12,25.6,12,24.6,12,23.2,12,24.1,12,24.4,12,24.1,12,18.2,12,18.6,12,18.2,12,45,12
2019-06-29T19:00+00:00,5904,6,12,6,11,354,12,358,12,1.0,1.0,12,12,1.5,12,995.5,12,,,47,12,0.0,12,0,12,,,0,12,25.6,12,24.6,12,23.2,12,23.2,12,24.0,12,23.2,12,17.7,12,18.2,12,17.7,12,54,12
2019-06-29T19:10+00:00,5904,2,12,2,11,303,12,283,12,0.8,0.9,12,12,1.5,12,995.4,12,,,48,12,0.0,12,0,12,,,0,12,25.5,12,24.6,12,23.2,12,22.6,12,23.1,12,22.6,12,17.6,12,17.6,12,17.4,12,10,12
2019-06-29T19:20+00:00,5904,0,12,0,11,285,12,283,12,0.6,0.7,12,12,1.6,12,995.6,12,,,50,12,0.0,12,0,12,,,0,12,25.5,12,24.6,12,23.2,12,22.2,12,22.6,12,22.2,12,17.1,12,17.6,12,17.1,12,10,12
2019-06-29T19:30+00:00,5904,0,11,0,11,272,12,277,12,0.7,0.8,12,12,1.5,12,995.7,12,,,50,12,0.0,12,0,12,,,0,12,25.4,12,24.6,12,23.2,12,21.9,12,22.2,12,21.9,12,16.8,12,17.0,12,16.8,12,24,12
2019-06-29T19:40+00:00,5904,0,11,0,11,228,12,196,12,0.9,0.9,12,12,2.3,12,995.7,12,,,51,12,0.0,12,0,12,,,0,12,25.3,12,24.6,12,23.2,12,21.6,12,21.9,12,21.6,12,16.4,12,16.8,12,16.4,12,39,12
2019-06-29T19:50+00:00,5904,0,11,0,11,235,12,255,12,0.9,0.9,12,12,1.9,12,995.7,12,,,54,12,0.0,12,0,12,,,0,12,25.3,12,24.6,12,23.3,12,21.3,12,21.7,12,21.3,12,16.2,12,16.4,12,16.2,12,42,12
2019-06-29T20:00+00:00,5904,0,11,0,11,255,12,253,12,1.7,1.7,12,12,3.0,12,995.7,12,,,54,12,0.0,12,0,12,,,0,12,25.2,12,24.6,12,23.3,12,21.1,12,21.3,12,21.1,12,16.3,12,16.4,12,16.2,12,57,12
2019-06-29T20:10+00:00,5904,0,11,0,11,262,12,269,12,2.4,2.4,12,12,3.0,12,995.7,12,,,54,12,0.0,12,0,12,,,0,12,25.2,12,24.6,12,23.3,12,21.1,12,21.2,12,21.1,12,16.0,12,16.3,12,16.0,12,2,12
2019-06-29T20:20+00:00,5904,0,11,0,11,249,12,233,12,2.4,2.4,12,12,3.5,12,995.6,12,,,55,12,0.0,12,0,12,,,0,12,25.1,12,24.6,12,23.3,12,21.0,12,21.1,12,21.0,12,15.7,12,16.0,12,15.7,12,16,12
2019-06-29T20:30+00:00,5904,0,11,0,11,241,12,253,12,2.2,2.2,12,12,3.2,12,995.6,12,,,54,12,0.0,12,0,12,,,0,12,25.0,12,24.6,12,23.3,12,20.9,12,21.0,12,20.9,12,15.4,12,15.7,12,15.4,12,28,12
2019-06-29T20:40+00:00,5904,0,11,0,11,261,12,250,12,1.7,1.8,12,12,2.4,12,995.6,12,,,55,12,0.0,12,0,12,,,0,12,25.0,12,24.6,12,23.3,12,20.7,12,20.9,12,20.7,12,15.3,12,15.4,12,15.3,12,30,12
2019-06-29T20:50+00:00,5904,0,11,0,11,264,12,262,12,1.8,1.9,12,12,2.3,12,995.6,12,,,55,12,0.0,12,0,12,,,0,12,24.9,12,24.6,12,23.3,12,20.7,12,20.7,12,20.6,12,15.2,12,15.3,12,15.2,12,49,12
2019-06-29T21:00+00:00,5904,0,11,0,11,266,12,262,12,2.4,2.4,12,12,2.7,12,995.5,12,,,56,12,0.0,12,0,12,,,0,12,24.9,12,24.6,12,23.3,12,20.4,12,20.6,12,20.4,12,15.2,12,15.3,12,15.2,12,54,12
2019-06-29T21:10+00:00,5904,0,11,0,11,266,12,260,12,2.2,2.2,12,12,3.3,12,995.5,12,,,57,12,0.0,12,0,12,,,0,12,24.8,12,24.6,12,23.3,12,20.2,12,20.4,12,20.2,12,15.0,12,15.2,12,15.0,12,0,12
2019-06-29T21:20+00:00,5904,0,11,0,11,272,12,271,12,2.0,2.0,12,12,2.3,12,995.6,12,,,59,12,0.0,12,0,12,,,0,12,24.7,12,24.6,12,23.3,12,19.9,12,20.2,12,19.9,12,14.7,12,15.0,12,14.7,12,18,12
2019-06-29T21:30+00:00,5904,0,11,0,11,275,12,274,12,2.2,2.2,12,12,2.6,12,995.6,12,,,58,12,0.0,12,0,12,,,0,12,24.7,12,24.5,12,23.3,12,20.0,12,20.0,12,19.8,12,14.7,12,14.7,12,14.7,12,25,12
2019-06-29T21:40+00:00,5904,0,11,0,11,271,12,268,12,1.9,1.9,12,12,2.5,12,995.7,12,,,59,12,0.0,12,0,12,,,0,12,24.6,12,24.5,12,23.3,12,19.8,12,20.0,12,19.8,12,14.6,12,14.7,12,14.6,12,30,12
2019-06-29T21:50+00:00,5904,0,12,0,11,260,12,276,12,1.3,1.3,12,12,2.0,12,995.7,12,,,60,12,0.0,12,0,12,,,0,12,24.6,12,24.5,12,23.3,12,19.7,12,19.7,12,19.5,12,14.4,12,14.5,12,14.4,12,40,12
2019-06-29T22:00+00:00,5904,0,11,0,11,245,12,235,12,1.3,1.3,12,12,1.7,12,995.7,12,,,62,12,0.0,12,0,12,,,0,12,24.5,12,24.5,12,23.3,12,19.4,12,19.7,12,19.4,12,14.4,12,14.4,12,14.4,12,52,12
2019-06-29T22:10+00:00,5904,0,11,0,11,254,12,259,12,1.5,1.5,12,12,1.8,12,995.6,12,,,62,12,0.0,12,0,12,,,0,12,24.5,12,24.5,12,23.3,12,19.2,12,19.4,12,19.2,12,14.5,12,14.5,12,14.3,12,8,12
2019-06-29T22:20+00:00,5904,0,11,0,11,270,12,266,12,1.8,1.8,12,12,2.2,12,995.6,12,,,62,12,0.0,12,0,12,,,0,12,24.4,12,24.5,12,23.3,12,19.1,12,19.2,12,19.1,12,14.3,12,14.5,12,14.3,12,19,12
2019-06-29T22:30+00:00,5904,0,11,0,11,266,12,268,12,2.0,2.0,12,12,2.3,12,995.5,12,,,63,12,0.0,12,0,12,,,0,12,24.4,12,24.5,12,23.3,12,19.0,12,19.1,12,18.9,12,14.1,12,14.3,12,14.1,12,21,12
2019-06-29T22:40+00:00,5904,0,11,0,11,264,12,260,12,2.1,2.1,12,12,2.5,12,995.4,12,,,63,12,0.0,12,0,12,,,0,12,24.3,12,24.5,12,23.3,12,18.9,12,19.0,12,18.8,12,14.2,12,14.2,12,14.1,12,37,12
2019-06-29T22:50+00:00,5904,0,11,0,11,260,12,261,12,2.1,2.1,12,12,2.5,12,995.5,12,,,64,12,0.0,12,0,12,,,0,12,24.2,12,24.5,12,23.3,12,18.7,12,18.9,12,18.7,12,14.1,12,14.3,12,14.1,12,40,12
2019-06-29T23:00+00:00,5904,0,11,0,11,250,12,248,12,2.1,2.1,12,12,2.4,12,995.4,12,,,64,12,0.0,12,0,12,,,0,12,24.2,12,24.4,12,23.3,12,18.7,12,18.7,12,18.6,12,13.9,12,14.0,12,13.9,12,56,12
2019-06-29T23:10+00:00,5904,0,11,0,11,250,12,245,12,1.7,1.7,12,12,2.2,12,995.5,12,,,65,12,0.0,12,0,12,,,0,12,24.1,12,24.4,12,23.3,12,18.4,12,18.7,12,18.4,12,13.7,12,13.9,12,13.7,12,0,12
2019-06-29T23:20+00:00,5904,0,12,0,11,253,12,252,12,1.6,1.6,12,12,2.0,12,995.4,12,,,65,12,0.0,12,0,12,,,0,12,24.1,12,24.4,12,23.3,12,18.2,12,18.4,12,18.2,12,13.8,12,13.9,12,13.7,12,16,12
2019-06-29T23:30+00:00,5904,0,12,0,11,253,12,255,12,1.5,1.5,12,12,1.9,12,995.4,12,,,66,12,0.0,12,0,12,,,0,12,24.0,12,24.4,12,23.3,12,18.0,12,18.2,12,18.0,12,13.6,12,13.8,12,13.6,12,20,12
2019-06-29T23:40+00:00,5904,0,12,0,11,248,12,238,12,1.3,1.3,12,12,1.7,12,995.4,12,,,66,12,0.0,12,0,12,,,0,12,24.0,12,24.4,12,23.3,12,17.8,12,17.9,12,17.8,12,13.4,12,13.6,12,13.4,12,32,12
2019-06-29T23:50+00:00,5904,0,11,0,11,249,12,246,12,1.5,1.5,12,12,1.9,12,995.4,12,,,65,12,0.0,12,0,12,,,0,12,23.9,12,24.4,12,23.3,12,18.1,12,18.1,12,17.8,12,13.3,12,13.4,12,13.3,12,49,12
2019-06-30T00:00+00:00,5904,0,11,0,11,255,12,250,12,1.7,1.7,12,12,1.9,12,995.2,12,,,65,12,0.0,12,0,12,,,0,12,23.9,12,24.4,12,23.3,12,18.0,12,18.1,12,18.0,12,13.2,12,13.3,12,13.2,12,50,12
2019-06-30T00:10+00:00,5904,0,11,0,11,256,12,255,12,1.7,1.7,12,12,1.9,12,995.2,12,,,66,12,0.0,12,0,12,,,0,12,23.8,12,24.3,12,23.3,12,17.9,12,18.0,12,17.9,12,13.1,12,13.2,12,13.1,12,1,12
2019-06-30T00:20+00:00,5904,0,12,0,11,254,12,256,12,1.3,1.4,12,12,1.6,12,995.2,12,,,67,12,0.0,12,0,12,,,0,12,23.8,12,24.3,12,23.3,12,17.6,12,17.9,12,17.6,12,13.1,12,13.1,12,13.1,12,10,12
2019-06-30T00:30+00:00,5904,0,12,0,11,258,12,257,12,1.0,1.0,12,12,1.3,12,995.2,12,,,68,12,0.0,12,0,12,,,0,12,23.7,12,24.3,12,23.3,12,17.3,12,17.5,12,17.3,12,13.0,12,13.1,12,13.0,12,20,12
2019-06-30T00:40+00:00,5904,0,12,0,11,250,12,249,12,0.9,0.9,12,12,1.3,12,995.1,12,,,69,12,0.0,12,0,12,,,0,12,23.7,12,24.3,12,23.3,12,17.1,12,17.3,12,17.1,12,13.0,12,13.1,12,13.0,12,30,12
2019-06-30T00:50+00:00,5904,0,12,0,12,246,12,238,12,0.5,0.5,12,12,0.9,12,995.2,12,,,68,12,0.0,12,0,12,,,0,12,23.6,12,24.2,12,23.3,12,17.2,12,17.2,12,17.0,12,12.9,12,13.0,12,12.9,12,43,12
2019-06-30T01:00+00:00,5904,0,12,0,12,64,12,50,12,0.6,0.6,12,12,1.5,12,995.2,12,,,70,12,0.0,12,0,12,,,0,12,23.6,12,24.2,12,23.3,12,17.0,12,17.2,12,17.0,12,12.7,12,12.9,12,12.7,12,59,12
2019-06-30T01:10+00:00,5904,0,12,0,12,14,12,350,12,1.2,1.4,12,12,1.9,12,995.1,12,,,70,12,0.0,12,0,12,,,0,12,23.5,12,24.2,12,23.3,12,17.2,12,17.2,12,17.0,12,12.6,12,12.7,12,12.6,12,6,12
2019-06-30T01:20+00:00,5904,0,12,0,12,6,12,16,12,1.1,1.1,12,12,1.6,12,995.1,12,,,70,12,0.0,12,0,12,,,0,12,23.5,12,24.2,12,23.3,12,16.9,12,17.2,12,16.9,12,12.5,12,12.6,12,12.5,12,15,12
2019-06-30T01:30+00:00,5904,0,12,0,12,22,12,27,12,1.1,1.2,12,12,2.0,12,995.0,12,,,72,12,0.0,12,0,12,,,0,12,23.4,12,24.2,12,23.3,12,16.8,12,16.9,12,16.7,12,12.4,12,12.5,12,12.4,12,28,12
2019-06-30T01:40+00:00,5904,0,12,0,12,16,12,26,12,0.9,1.0,12,12,2.1,12,994.9,12,,,74,12,0.0,12,0,12,,,0,12,23.4,12,24.1,12,23.3,12,16.5,12,16.8,12,16.5,12,12.3,12,12.4,12,12.3,12,30,12
2019-06-30T01:50+00:00,5904,0,12,0,12,4,12,29,12,0.7,0.7,12,12,1.4,12,994.9,12,,,75,12,0.0,12,0,12,,,0,12,23.4,12,24.1,12,23.3,12,16.4,12,16.5,12,16.4,12,12.2,12,12.2,12,12.2,12,49,12
2019-06-30T02:00+00:00,5904,1,12,0,12,17,12,25,12,0.8,0.9,12,12,1.5,12,994.9,12,,,76,12,0.0,12,0,12,,,0,12,23.3,12,24.1,12,23.3,12,16.2,12,16.4,12,16.2,12,12.1,12,12.2,12,12.1,12,57,12
2019-06-30T02:10+00:00,5904,0,12,0,12,27,12,38,12,1.3,1.3,12,12,1.8,12,994.9,12,,,76,12,0.0,12,0,12,,,0,12,23.3,12,24.1,12,23.3,12,16.1,12,16.2,12,16.1,12,12.0,12,12.1,12,12.0,12,9,12
2019-06-30T02:20+00:00,5904,0,12,0,12,38,12,44,12,1.9,1.9,12,12,2.2,12,994.9,12,,,76,12,0.0,12,0,12,,,0,12,23.2,12,24.1,12,23.3,12,16.3,12,16.3,12,16.0,12,11.9,12,12.0,12,11.9,12,12,12
2019-06-30T02:30+00:00,5904,0,12,0,12,32,12,37,12,1.9,1.9,12,12,2.4,12,994.8,12,,,77,12,0.0,12,0,12,,,0,12,23.2,12,24.1,12,23.3,12,16.3,12,16.4,12,16.2,12,11.8,12,11.9,12,11.8,12,29,12
2019-06-30T02:40+00:00,5904,1,12,0,12,26,12,37,12,2.0,2.0,12,12,2.4,12,994.7,12,,,77,12,0.0,12,0,12,,,0,12,23.1,12,24.0,12,23.3,12,16.3,12,16.4,12,16.2,12,11.8,12,11.8,12,11.8,12,30,12
2019-06-30T02:50+00:00,5904,2,12,2,11,2,12,23,12,0.7,0.8,12,12,1.9,12,994.7,12,,,77,12,0.0,12,0,12,,,0,12,23.1,12,24.0,12,23.3,12,16.3,12,16.5,12,16.3,12,11.8,12,11.8,12,11.8,12,40,12
2019-06-30T03:00+00:00,5904,5,12,4,12,4,12,15,12,0.7,0.7,12,12,1.2,12,994.7,12,,,78,12,0.0,12,0,12,,,0,12,23.0,12,24.0,12,23.3,12,16.1,12,16.2,12,16.1,12,11.8,12,11.8,12,11.8,12,50,12
2019-06-30T03:10+00:00,5904,8,12,8,12,360,12,359,12,0.6,0.7,12,12,1.2,12,994.7,12,,,79,12,0.0,12,0,12,,,0,12,23.0,12,24.0,12,23.3,12,15.9,12,16.1,12,15.9,12,11.8,12,11.8,12,11.8,12,6,12
2019-06-30T03:20+00:00,5904,15,12,14,12,11,12,33,12,0.9,0.9,12,12,1.4,12,994.7,12,,,79,12,0.0,12,0,12,,,0,12,22.9,12,23.9,12,23.3,12,16.0,12,16.1,12,15.9,12,11.9,12,11.9,12,11.8,12,10,12
2019-06-30T03:30+00:00,5904,25,12,21,12,33,12,19,12,0.5,0.6,12,12,1.2,12,994.7,12,,,78,12,0.0,12,0,12,,,48,12,22.9,12,23.9,12,23.3,12,16.2,12,16.2,12,16.0,12,12.2,12,12.2,12,12.0,12,23,12
2019-06-30T03:40+00:00,5904,39,12,28,12,37,12,320,12,0.2,0.3,12,12,0.7,12,994.6,12,,,79,12,0.0,12,0,12,,,600,12,22.8,12,23.9,12,23.3,12,16.1,12,16.2,12,16.1,12,12.5,12,12.5,12,12.2,12,37,12
2019-06-30T03:50+00:00,5904,57,12,35,12,344,12,345,12,0.7,0.8,12,12,1.2,12,994.6,12,,,79,12,0.0,12,0,12,,,600,12,22.8,12,23.9,12,23.3,12,16.4,12,16.4,12,16.1,12,12.9,12,12.9,12,12.5,12,45,12
2019-06-30T04:00+00:00,5904,76,12,41,12,326,12,345,12,0.6,0.7,12,12,1.1,12,994.6,12,,,79,12,0.0,12,0,12,,,600,12,22.8,12,23.8,12,23.3,12,16.5,12,16.5,12,16.3,12,13.4,12,13.4,12,13.0,12,53,12
2019-06-30T04:10+00:00,5904,98,12,47,12,41,12,57,12,0.8,0.8,12,12,1.4,12,994.6,12,,,79,12,0.0,12,0,12,,,600,12,22.7,12,23.8,12,23.3,12,16.5,12,16.6,12,16.4,12,14.2,12,14.2,12,13.5,12,8,12
2019-06-30T04:20+00:00,5904,124,12,53,12,61,12,87,12,0.6,0.7,12,12,1.3,12,994.6,12,,,76,12,0.0,12,0,12,,,600,12,22.7,12,23.8,12,23.3,12,17.3,12,17.3,12,16.6,12,15.2,12,15.2,12,14.3,12,11,12
2019-06-30T04:30+00:00,5904,148,12,59,12,55,12,69,12,0.9,0.9,12,12,1.9,12,994.7,12,,,75,12,0.0,12,0,12,,,600,12,22.7,12,23.8,12,23.3,12,17.7,12,17.7,12,17.3,12,15.8,12,15.8,12,15.4,12,29,12
2019-06-30T04:40+00:00,5904,173,12,63,12,78,12,63,12,0.7,0.8,12,12,2.1,12,994.6,12,,,75,12,0.0,12,0,12,,,600,12,22.6,12,23.8,12,23.3,12,18.0,12,18.0,12,17.7,12,16.2,12,16.2,12,15.8,12,30,12
2019-06-30T04:50+00:00,5904,200,12,68,12,73,12,78,12,1.0,1.0,12,12,1.6,12,994.6,12,,,74,12,0.0,12,0,12,,,600,12,22.6,12,23.7,12,23.3,12,18.4,12,18.4,12,18.1,12,16.5,12,16.5,12,16.2,12,41,12
2019-06-30T05:00+00:00,5904,226,12,71,12,89,12,83,12,1.0,1.1,12,12,1.6,12,994.6,12,,,72,12,0.0,12,0,12,,,600,12,22.6,12,23.7,12,23.3,12,18.8,12,18.8,12,18.5,12,16.8,12,16.8,12,16.5,12,50,12
2019-06-30T05:10+00:00,5904,255,12,75,12,113,12,130,12,0.9,1.0,12,12,1.8,12,994.6,12,,,70,12,0.0,12,0,12,,,600,12,22.6,12,23.7,12,23.3,12,19.5,12,19.5,12,19.0,12,17.3,12,17.3,12,16.9,12,8,12
2019-06-30T05:20+00:00,5904,284,12,78,12,144,12,147,12,0.9,1.0,12,12,1.9,12,994.6,12,,,64,12,0.0,12,0,12,,,600,12,22.6,12,23.7,12,23.3,12,20.1,12,20.1,12,19.5,12,17.8,12,17.8,12,17.3,12,17,12
2019-06-30T05:30+00:00,5904,314,12,82,12,132,12,140,12,1.0,1.0,12,12,1.8,12,994.6,12,,,61,12,0.0,12,0,12,,,600,12,22.6,12,23.6,12,23.3,12,20.8,12,20.8,12,20.2,12,19.9,12,19.9,12,17.9,12,20,12
2019-06-30T05:40+00:00,5904,341,12,86,12,124,12,123,12,1.2,1.4,12,12,2.7,12,994.5,12,,,60,12,0.0,12,0,12,,,600,12,22.6,12,23.6,12,23.3,12,21.3,12,21.3,12,20.8,12,22.4,12,22.4,12,20.4,12,36,12
2019-06-30T05:50+00:00,5904,370,12,89,12,117,12,105,12,1.3,1.4,12,12,2.5,12,994.5,12,,,59,12,0.0,12,0,12,,,600,12,22.6,12,23.6,12,23.3,12,21.8,12,21.8,12,21.4,12,26.8,12,26.8,12,23.0,12,48,12
2019-06-30T06:00+00:00,5904,398,12,92,12,126,12,151,12,1.2,1.3,12,12,2.5,12,994.5,12,,,56,12,0.0,12,0,12,,,600,12,22.6,12,23.6,12,23.3,12,22.3,12,22.3,12,21.8,12,29.9,12,29.9,12,27.2,12,50,12
2019-06-30T06:10+00:00,5904,425,12,96,12,118,12,117,12,1.6,1.7,12,12,3.8,12,994.5,12,,,55,12,0.0,12,0,12,,,600,12,22.6,12,23.5,12,23.3,12,22.7,12,22.7,12,22.3,12,32.0,12,32.0,12,30.2,12,9,12
2019-06-30T06:20+00:00,5904,450,12,99,12,117,12,116,12,2.5,2.6,12,12,4.5,12,994.5,12,,,54,12,0.0,12,0,12,,,600,12,22.6,12,23.5,12,23.3,12,22.6,12,22.8,12,22.6,12,32.9,12,33.1,12,32.0,12,15,12
2019-06-30T06:30+00:00,5904,476,12,101,12,119,12,127,12,2.8,2.9,12,12,4.5,12,994.5,12,,,52,12,0.0,12,0,12,,,600,12,22.6,12,23.5,12,23.3,12,23.1,12,23.1,12,22.7,12,34.3,12,34.3,12,32.9,12,27,12
2019-06-30T06:40+00:00,5904,502,12,104,12,130,12,170,12,1.9,2.1,12,12,4.2,12,994.6,12,,,54,12,0.0,12,0,12,,,600,12,22.6,12,23.5,12,23.3,12,23.5,12,23.5,12,23.1,12,35.6,12,35.6,12,34.5,12,35,12
2019-06-30T06:50+00:00,5904,529,12,106,12,136,12,123,12,2.3,2.4,12,12,4.4,12,994.6,12,,,53,12,0.0,12,0,12,,,600,12,22.6,12,23.5,12,23.3,12,23.4,12,23.4,12,23.2,12,35.3,12,35.6,12,35.3,12,47,12
2019-06-30T07:00+00:00,5904,553,12,108,12,126,12,113,12,2.6,2.8,12,12,5.0,12,994.5,12,,,53,12,0.0,12,0,12,,,600,12,22.7,12,23.5,12,23.3,12,23.7,12,23.9,12,23.5,12,36.7,12,36.7,12,35.4,12,56,12
2019-06-30T07:10+00:00,5904,576,12,111,12,134,12,131,12,2.6,2.7,12,12,5.0,12,994.4,12,,,54,12,0.0,12,0,12,,,600,12,22.7,12,23.4,12,23.3,12,23.8,12,24.0,12,23.7,12,36.9,12,36.9,12,36.4,12,5,12
2019-06-30T07:20+00:00,5904,601,12,113,12,121,12,111,12,2.4,2.6,12,12,4.1,12,994.4,12,,,54,12,0.0,12,0,12,,,600,12,22.7,12,23.4,12,23.3,12,24.5,12,24.5,12,24.0,12,37.6,12,37.6,12,37.1,12,18,12
2019-06-30T07:30+00:00,5904,624,12,113,12,148,12,127,12,2.7,2.9,12,12,5.0,12,994.3,12,,,55,12,0.0,12,0,12,,,600,12,22.7,12,23.4,12,23.2,12,24.7,12,24.7,12,24.4,12,37.9,12,37.9,12,37.4,12,21,12
2019-06-30T07:40+00:00,5904,647,12,114,12,158,12,181,12,2.5,2.6,12,12,4.7,12,994.3,12,,,51,12,0.0,12,0,12,,,600,12,22.8,12,23.4,12,23.2,12,25.4,12,25.5,12,24.8,12,38.5,12,38.5,12,37.8,12,31,12
2019-06-30T07:50+00:00,5904,671,12,114,12,151,12,159,12,3.1,3.2,12,12,5.4,12,994.0,12,,,49,12,0.0,12,0,12,,,600,12,22.8,12,23.4,12,23.2,12,26.0,12,26.0,12,25.4,12,38.4,12,38.7,12,38.2,12,48,12
2019-06-30T08:00+00:00,5904,693,12,114,12,153,12,145,12,2.1,2.2,12,12,4.9,12,994.0,12,,,48,12,0.0,12,0,12,,,600,12,22.9,12,23.4,12,23.2,12,26.7,12,26.7,12,26.1,12,39.1,12,39.1,12,38.6,12,55,12
2019-06-30T08:10+00:00,5904,714,12,115,12,171,12,162,12,3.5,3.7,12,12,6.6,12,994.0,12,,,43,12,0.0,12,0,12,,,600,12,22.9,12,23.4,12,23.2,12,27.5,12,27.6,12,26.9,12,38.9,12,39.3,12,38.9,12,8,12
2019-06-30T08:20+00:00,5904,734,12,116,12,146,12,136,12,3.9,4.1,12,12,6.0,12,993.9,12,,,44,12,0.0,12,0,12,,,600,12,23.0,12,23.3,12,23.2,12,28.0,12,28.0,12,27.5,12,39.6,12,39.6,12,38.8,12,15,12
2019-06-30T08:30+00:00,5904,753,12,116,12,175,12,167,12,4.4,4.6,12,12,7.6,12,993.9,12,,,43,12,0.0,12,0,12,,,599,12,23.0,12,23.3,12,23.2,12,28.0,12,28.0,12,27.8,12,39.2,12,39.8,12,39.0,12,21,12
2019-06-30T08:40+00:00,5904,773,12,115,12,161,12,148,12,3.5,3.8,12,12,6.7,12,993.8,12,,,43,12,0.0,12,0,12,,,600,12,23.1,12,23.3,12,23.2,12,28.6,12,28.6,12,28.0,12,40.6,12,40.7,12,39.4,12,35,12
2019-06-30T08:50+00:00,5904,790,12,116,12,156,12,149,12,4.0,4.2,12,12,6.7,12,993.8,12,,,42,12,0.0,12,0,12,,,600,12,23.2,12,23.3,12,23.2,12,29.0,12,29.0,12,28.6,12,41.7,12,41.7,12,40.7,12,44,12
2019-06-30T09:00+00:00,5904,808,12,116,12,161,12,170,12,3.5,3.8,12,12,6.7,12,993.7,12,,,42,12,0.0,12,0,12,,,600,12,23.3,12,23.3,12,23.2,12,29.6,12,29.6,12,29.0,12,42.6,12,42.6,12,41.8,12,54,12
2019-06-30T09:10+00:00,5904,822,12,116,12,171,12,173,12,3.2,3.4,12,12,5.9,12,993.6,12,,,38,12,0.0,12,0,12,,,600,12,23.3,12,23.3,12,23.2,12,30.2,12,30.2,12,29.7,12,43.4,12,43.4,12,42.7,12,1,12
2019-06-30T09:20+00:00,5904,837,12,115,12,161,12,172,12,4.1,4.4,12,12,8.2,12,993.6,12,,,35,12,0.0,12,0,12,,,600,12,23.4,12,23.3,12,23.2,12,30.3,12,30.3,12,30.2,12,42.8,12,43.6,12,42.6,12,16,12
2019-06-30T09:30+00:00,5904,851,12,115,12,163,12,177,12,4.0,4.1,12,12,7.1,12,993.6,12,,,34,12,0.0,12,0,12,,,600,12,23.5,12,23.3,12,23.2,12,30.7,12,30.7,12,30.3,12,42.8,12,43.1,12,42.4,12,25,12
2019-06-30T09:40+00:00,5904,863,12,114,12,168,12,161,12,4.0,4.2,12,12,7.3,12,993.5,12,,,34,12,0.0,12,0,12,,,600,12,23.6,12,23.3,12,23.1,12,30.8,12,30.8,12,30.6,12,42.2,12,42.7,12,42.1,12,30,12
2019-06-30T09:50+00:00,5904,874,12,113,12,173,12,166,12,4.1,4.2,12,12,7.6,12,993.4,12,,,32,12,0.0,12,0,12,,,600,12,23.7,12,23.3,12,23.1,12,31.1,12,31.2,12,30.9,12,42.8,12,42.8,12,42.0,12,42,12
2019-06-30T10:00+00:00,5904,884,12,113,12,172,12,177,12,3.7,3.8,12,12,7.0,12,993.3,12,,,33,12,0.0,12,0,12,,,600,12,23.8,12,23.3,12,23.1,12,31.4,12,31.4,12,31.2,12,43.5,12,43.7,12,42.9,12,55,12
2019-06-30T10:10+00:00,5904,891,12,110,12,148,12,127,12,3.6,4.1,12,12,6.8,12,993.2,12,,,31,12,0.0,12,0,12,,,600,12,23.9,12,23.3,12,23.1,12,31.8,12,32.1,12,31.5,12,44.8,12,45.3,12,43.8,12,4,12
2019-06-30T10:20+00:00,5904,898,12,112,12,167,12,168,12,4.0,4.3,12,12,7.9,12,993.2,12,,,31,12,0.0,12,0,12,,,600,12,24.0,12,23.3,12,23.1,12,32.0,12,32.1,12,31.8,12,44.7,12,45.0,12,44.5,12,15,12
2019-06-30T10:30+00:00,5904,900,12,113,12,143,12,124,12,3.5,3.8,12,12,7.4,12,993.0,12,,,34,12,0.0,12,0,12,,,600,12,24.1,12,23.3,12,23.1,12,32.5,12,32.5,12,32.0,12,45.3,12,45.3,12,44.6,12,23,12
2019-06-30T10:40+00:00,5904,903,12,113,12,157,12,144,12,3.9,4.2,12,12,6.7,12,993.0,12,,,29,12,0.0,12,0,12,,,600,12,24.2,12,23.3,12,23.1,12,32.5,12,32.6,12,32.3,12,45.0,12,45.7,12,45.0,12,38,12
2019-06-30T10:50+00:00,5904,906,12,113,12,148,12,164,12,3.8,4.0,12,12,8.5,12,993.0,12,,,32,12,0.0,12,0,12,,,600,12,24.3,12,23.4,12,23.1,12,32.5,12,32.7,12,32.4,12,45.2,12,45.7,12,44.7,12,44,12
2019-06-30T11:00+00:00,5904,905,12,114,12,137,12,127,12,4.4,4.7,12,12,8.1,12,992.8,12,,,31,12,0.0,12,0,12,,,600,12,24.4,12,23.4,12,23.1,12,32.9,12,32.9,12,32.5,12,46.1,12,46.1,12,45.2,12,56,12
2019-06-30T11:10+00:00,5904,903,12,113,12,126,12,126,12,4.7,4.9,12,12,8.1,12,992.8,12,,,31,12,0.0,12,0,12,,,600,12,24.6,12,23.4,12,23.1,12,33.1,12,33.1,12,32.9,12,46.3,12,46.5,12,46.0,12,4,12
2019-06-30T11:20+00:00,5904,903,12,113,12,133,12,144,12,4.2,4.4,12,12,7.9,12,992.7,12,,,31,12,0.0,12,0,12,,,600,12,24.7,12,23.4,12,23.1,12,33.3,12,33.3,12,33.0,12,46.4,12,46.4,12,45.5,12,14,12
2019-06-30T11:30+00:00,5904,897,12,115,12,141,12,127,12,4.4,4.9,12,12,7.7,12,992.7,12,,,30,12,0.0,12,0,12,,,600,12,24.8,12,23.4,12,23.1,12,33.3,12,33.4,12,33.2,12,46.6,12,46.6,12,46.1,12,28,12
2019-06-30T11:40+00:00,5904,894,12,116,12,137,12,138,12,4.0,4.2,12,12,7.4,12,992.6,12,,,28,12,0.0,12,0,12,,,600,12,24.9,12,23.4,12,23.1,12,33.3,12,33.6,12,33.3,12,46.7,12,46.9,12,46.5,12,37,12
2019-06-30T11:50+00:00,5904,889,12,116,12,151,12,169,12,3.8,4.0,12,12,8.0,12,992.6,12,,,28,12,0.0,12,0,12,,,600,12,25.0,12,23.5,12,23.1,12,33.5,12,33.6,12,33.4,12,47.2,12,47.2,12,46.5,12,40,12
2019-06-30T12:00+00:00,5904,877,12,117,12,140,12,129,12,4.0,4.2,12,12,7.9,12,992.5,12,,,32,12,0.0,12,0,12,,,600,12,25.2,12,23.5,12,23.1,12,33.8,12,33.8,12,33.5,12,46.7,12,47.3,12,46.5,12,55,12
2019-06-30T12:10+00:00,5904,866,12,118,12,133,12,126,12,5.2,5.4,12,12,11.0,12,992.4,12,,,29,12,0.0,12,0,12,,,600,12,25.3,12,23.5,12,23.1,12,33.7,12,33.9,12,33.7,12,46.2,12,47.0,12,46.2,12,6,12
2019-06-30T12:20+00:00,5904,858,12,117,12,143,12,146,12,4.3,4.7,12,12,7.5,12,992.4,12,,,29,12,0.0,12,0,12,,,600,12,25.4,12,23.5,12,23.1,12,34.1,12,34.2,12,33.8,12,47.0,12,47.1,12,46.1,12,12,12
2019-06-30T12:30+00:00,5904,848,12,117,12,132,12,134,12,3.3,3.6,12,12,8.2,12,992.3,12,,,29,12,0.0,12,0,12,,,600,12,25.5,12,23.6,12,23.1,12,34.1,12,34.1,12,34.0,12,46.9,12,47.1,12,46.6,12,23,12
2019-06-30T12:40+00:00,5904,835,12,118,12,146,12,144,12,3.3,3.6,12,12,6.3,12,992.2,12,,,28,12,0.0,12,0,12,,,600,12,25.6,12,23.6,12,23.0,12,34.2,12,34.2,12,34.0,12,46.6,12,46.8,12,46.1,12,32,12
2019-06-30T12:50+00:00,5904,823,12,117,12,144,12,144,12,3.2,3.4,12,12,6.4,12,992.2,12,,,28,12,0.0,12,0,12,,,600,12,25.7,12,23.6,12,23.0,12,34.6,12,34.7,12,34.4,12,47.3,12,47.3,12,46.5,12,44,12
2019-06-30T13:00+00:00,5904,810,12,115,12,158,12,122,12,2.5,2.8,12,12,5.4,12,992.1,12,,,33,12,0.0,12,0,12,,,600,12,25.8,12,23.7,12,23.0,12,34.8,12,34.8,12,34.3,12,46.8,12,47.5,12,46.6,12,59,12
2019-06-30T13:10+00:00,5904,793,12,114,12,133,12,125,12,3.5,3.7,12,12,6.1,12,992.1,12,,,29,12,0.0,12,0,12,,,600,12,25.9,12,23.7,12,23.0,12,34.9,12,34.9,12,34.7,12,42.9,12,46.8,12,42.9,12,0,12
2019-06-30T13:20+00:00,5904,776,12,111,12,155,12,181,12,3.7,4.1,12,12,7.6,12,991.9,12,,,26,12,0.0,12,0,12,,,600,12,26.0,12,23.7,12,23.0,12,34.9,12,35.1,22,34.9,12,43.7,12,43.7,12,42.3,12,14,12
2019-06-30T13:30+00:00,5904,758,12,110,12,135,12,145,12,3.6,3.8,12,12,7.8,12,991.8,12,,,27,12,0.0,12,0,12,,,600,12,26.1,12,23.8,12,23.0,12,35.1,12,35.2,22,34.9,12,45.1,12,45.2,12,43.9,12,28,12
2019-06-30T13:40+00:00,5904,738,12,109,12,152,12,155,12,4.0,4.4,12,12,8.6,12,991.8,12,,,25,12,0.0,12,0,12,,,600,12,26.2,12,23.8,12,23.0,12,35.2,12,35.2,22,35.0,12,45.1,12,45.5,12,44.9,12,30,12
2019-06-30T13:50+00:00,5904,717,12,107,12,141,12,107,12,3.3,3.7,12,12,6.9,12,991.7,12,,,26,12,0.0,12,0,12,,,600,12,26.2,12,23.8,12,23.0,12,35.3,12,35.4,22,35.1,12,45.1,12,45.7,12,45.0,12,41,12
2019-06-30T14:00+00:00,5904,697,12,107,12,157,12,174,12,3.7,4.1,12,12,7.2,12,991.7,12,,,26,12,0.0,12,0,12,,,600,12,26.3,12,23.9,12,23.0,12,35.2,12,35.4,22,35.2,12,41.9,12,45.0,12,41.9,12,51,12
2019-06-30T14:10+00:00,5904,675,12,105,12,132,12,151,12,4.1,4.3,12,12,8.3,12,991.6,12,,,26,12,0.0,12,0,12,,,600,12,26.4,12,23.9,12,23.0,12,35.2,12,35.3,22,35.1,12,42.2,12,42.2,12,40.4,12,5,12
2019-06-30T14:20+00:00,5904,653,12,103,12,128,12,123,12,4.0,4.1,12,12,7.9,12,991.6,12,,,25,12,0.0,12,0,12,,,600,12,26.5,12,24.0,12,23.0,12,35.1,12,35.3,22,35.1,12,44.0,12,44.0,12,42.4,12,17,12
2019-06-30T14:30+00:00,5904,632,12,100,12,137,12,103,12,3.3,3.7,12,12,7.8,12,991.5,12,,,27,12,0.0,12,0,12,,,600,12,26.6,12,24.0,12,23.0,12,35.4,12,35.7,22,35.0,12,44.4,12,45.0,12,44.3,12,22,12
2019-06-30T14:40+00:00,5904,609,12,100,12,139,12,147,12,4.1,4.4,12,12,7.6,12,991.5,12,,,26,12,0.0,12,0,12,,,600,12,26.6,12,24.0,12,23.0,12,35.1,12,35.3,22,35.1,12,44.1,12,44.6,12,43.9,12,30,12
2019-06-30T14:50+00:00,5904,586,12,97,12,133,12,129,12,4.3,4.5,12,12,8.4,12,991.4,12,,,25,12,0.0,12,0,12,,,600,12,26.7,12,24.1,12,23.0,12,35.1,12,35.2,22,34.9,12,43.6,12,44.2,12,43.6,12,41,12
2019-06-30T15:00+00:00,5904,562,12,95,12,132,12,142,12,5.2,5.4,12,12,8.5,12,991.4,12,,,25,12,0.0,12,0,12,,,600,12,26.7,12,24.1,12,23.0,12,34.9,12,35.2,22,34.8,12,42.7,12,43.5,12,42.7,12,54,12
2019-06-30T15:10+00:00,5904,536,12,93,12,135,12,140,12,4.0,4.4,12,12,8.1,12,991.4,12,,,25,12,0.0,12,0,12,,,600,12,26.8,12,24.1,12,23.0,12,35.0,12,35.2,22,34.9,12,43.2,12,43.2,12,42.8,12,0,12
2019-06-30T15:20+00:00,5904,511,12,92,12,150,12,165,12,4.5,4.7,12,12,7.8,12,991.3,12,,,26,12,0.0,12,0,12,,,600,12,26.8,12,24.2,12,23.0,12,34.8,12,35.0,12,34.7,12,42.1,12,42.8,12,42.1,12,13,12
2019-06-30T15:30+00:00,5904,486,12,89,12,134,12,118,12,3.9,4.3,12,12,9.0,12,991.2,12,,,27,12,0.0,12,0,12,,,600,12,26.9,12,24.2,12,23.0,12,34.6,12,35.2,22,34.6,12,38.6,12,42.1,12,38.6,12,28,12
2019-06-30T15:40+00:00,5904,460,12,87,12,153,12,154,12,4.4,4.6,12,12,9.0,12,991.2,12,,,26,12,0.0,12,0,12,,,600,12,26.9,12,24.2,12,23.0,12,34.5,12,34.8,12,34.4,12,33.9,12,38.1,12,33.9,12,33,12
2019-06-30T15:50+00:00,5904,436,12,84,12,155,12,171,12,4.2,4.4,12,12,7.6,12,991.2,12,,,27,12,0.0,12,0,12,,,600,12,26.9,12,24.3,12,23.0,12,34.4,12,34.5,12,34.2,12,32.1,12,33.7,12,32.1,12,46,12
2019-06-30T16:00+00:00,5904,408,12,82,12,151,12,143,12,3.4,3.7,12,12,7.5,12,991.1,12,,,27,12,0.0,12,0,12,,,600,12,26.9,12,24.3,12,23.0,12,34.3,12,34.5,12,34.2,12,30.9,12,31.9,12,30.9,12,57,12
2019-06-30T16:10+00:00,5904,378,12,80,12,166,12,190,12,4.0,4.3,12,12,7.6,12,991.1,12,,,27,12,0.0,12,0,12,,,600,12,26.9,12,24.4,12,23.0,12,34.0,12,34.3,12,34.0,12,30.3,12,30.7,12,30.3,12,6,12
2019-06-30T16:20+00:00,5904,346,12,78,12,145,12,130,12,4.0,4.2,12,12,7.9,12,991.0,12,,,28,12,0.0,12,0,12,,,600,12,26.9,12,24.4,12,23.0,12,33.4,12,33.8,12,33.4,12,30.5,12,30.5,12,30.2,12,14,12
2019-06-30T16:30+00:00,5904,318,12,76,12,140,12,149,12,4.5,4.6,12,12,7.5,12,990.8,12,,,30,12,0.0,12,0,12,,,600,12,26.9,12,24.4,12,23.0,12,33.1,12,33.3,12,33.1,12,30.0,12,30.6,12,30.0,12,22,12
2019-06-30T16:40+00:00,5904,291,12,72,12,141,12,135,12,4.6,4.8,12,12,8.2,12,990.8,12,,,30,12,0.0,12,0,12,,,600,12,26.9,12,24.5,12,23.0,12,32.7,12,33.0,12,32.7,12,29.4,12,29.9,12,29.4,12,31,12
2019-06-30T16:50+00:00,5904,263,12,69,12,151,12,152,12,3.7,3.8,12,12,7.2,12,990.8,12,,,31,12,0.0,12,0,12,,,600,12,26.9,12,24.5,12,23.1,12,32.5,12,32.8,12,32.5,12,29.1,12,29.4,12,29.1,12,41,12
2019-06-30T17:00+00:00,5904,238,12,66,12,163,12,168,12,3.4,3.6,12,12,6.6,12,991.0,12,,,32,12,0.0,12,0,12,,,600,12,26.9,12,24.5,12,23.1,12,32.3,12,32.5,12,32.3,12,28.7,12,29.1,12,28.7,12,59,12
2019-06-30T17:10+00:00,5904,214,12,62,12,170,12,194,12,4.2,4.2,12,12,6.9,12,990.7,12,,,33,12,0.0,12,0,12,,,600,12,26.8,12,24.5,12,23.1,12,32.1,12,32.3,12,32.1,12,28.3,12,28.7,12,28.3,12,8,12
2019-06-30T17:20+00:00,5904,188,12,57,12,163,12,167,12,3.3,3.4,12,12,7.0,12,990.7,12,,,33,12,0.0,12,0,12,,,600,12,26.8,12,24.6,12,23.1,12,31.9,12,32.1,12,31.8,12,28.4,12,28.4,12,28.3,12,19,12
2019-06-30T17:30+00:00,5904,162,12,52,12,165,12,175,12,3.7,3.9,12,12,6.8,12,990.6,12,,,34,12,0.0,12,0,12,,,600,12,26.7,12,24.6,12,23.1,12,31.7,12,31.9,12,31.6,12,28.0,12,28.4,12,28.0,12,25,12
2019-06-30T17:40+00:00,5904,136,12,47,12,157,12,170,12,3.5,3.7,12,12,6.7,12,990.7,12,,,34,12,0.0,12,0,12,,,600,12,26.7,12,24.6,12,23.1,12,31.6,12,31.7,12,31.5,12,27.8,12,28.0,12,27.7,12,36,12
2019-06-30T17:50+00:00,5904,109,12,41,12,155,12,153,12,4.2,4.3,12,12,7.1,12,990.7,12,,,35,12,0.0,12,0,12,,,600,12,26.7,12,24.6,12,23.1,12,31.2,12,31.5,12,31.2,12,27.6,12,28.0,12,27.6,12,44,12
2019-06-30T18:00+00:00,5904,85,12,36,12,158,12,160,12,3.8,4.0,12,12,7.2,12,990.7,12,,,36,12,0.0,12,0,12,,,600,12,26.6,12,24.7,12,23.1,12,30.9,12,31.2,12,30.9,12,27.5,12,27.7,12,27.5,12,59,12
2019-06-30T18:10+00:00,5904,65,12,30,12,163,12,166,12,3.8,4.0,12,12,6.5,12,990.7,12,,,37,12,0.0,12,0,12,,,600,12,26.6,12,24.7,12,23.1,12,30.6,12,31.0,12,30.6,12,27.0,12,27.4,12,27.0,12,1,12
2019-06-30T18:20+00:00,5904,47,12,25,12,153,12,153,12,3.7,3.8,12,12,6.2,12,990.6,12,,,37,12,0.0,12,0,12,,,600,12,26.6,12,24.7,12,23.1,12,30.3,12,30.5,12,30.3,12,26.3,12,26.9,12,26.3,12,15,12
2019-06-30T18:30+00:00,5904,26,12,20,11,160,12,140,12,3.3,3.4,12,12,5.7,12,990.7,12,,,37,12,0.0,12,0,12,,,299,12,26.5,12,24.7,12,23.1,12,30.1,12,30.3,12,30.1,12,25.8,12,26.2,12,25.6,12,27,12
2019-06-30T18:40+00:00,5904,13,12,13,11,163,12,151,12,3.0,3.1,12,12,6.2,12,990.8,12,,,38,12,0.0,12,0,12,,,0,12,26.5,12,24.8,12,23.1,12,29.7,12,30.1,12,29.7,12,25.7,12,26.0,12,25.7,12,31,12
2019-06-30T18:50+00:00,5904,8,12,8,11,160,12,179,12,2.6,2.7,12,12,5.1,12,990.8,12,,,39,12,0.0,12,0,12,,,0,12,26.4,12,24.8,12,23.1,12,29.4,12,29.8,12,29.4,12,25.1,12,25.7,12,25.1,12,41,12
2019-06-30T19:00+00:00,5904,5,12,5,12,161,12,159,12,2.2,2.3,12,12,3.9,12,990.8,12,,,40,12,0.0,12,0,12,,,0,12,26.4,12,24.8,12,23.1,12,28.9,12,29.4,12,28.9,12,24.1,12,25.1,12,24.1,12,54,12
2019-06-30T19:10+00:00,5904,2,12,2,11,158,12,157,12,2.4,2.5,12,12,3.7,12,990.8,12,,,41,12,0.0,12,0,12,,,0,12,26.3,12,24.8,12,23.1,12,28.6,12,28.8,12,28.5,12,23.0,12,24.0,12,23.0,12,7,12
2019-06-30T19:20+00:00,5904,1,12,0,11,160,12,171,12,2.3,2.4,12,12,4.7,12,991.0,12,,,42,12,0.0,12,0,12,,,0,12,26.3,12,24.8,12,23.1,12,28.3,12,28.6,12,28.3,12,22.2,12,22.8,12,22.2,12,15,12
2019-06-30T19:30+00:00,5904,0,12,0,11,151,12,153,12,2.1,2.1,12,12,3.5,12,991.1,12,,,43,12,0.0,12,0,12,,,0,12,26.2,12,24.8,12,23.1,12,28.1,12,28.4,12,28.1,12,21.8,12,22.2,12,21.7,12,22,12
2019-06-30T19:40+00:00,5904,0,12,0,11,156,12,167,12,2.0,2.0,12,12,2.7,12,991.1,12,,,45,12,0.0,12,0,12,,,0,12,26.2,12,24.8,12,23.1,12,27.4,12,28.1,12,27.4,12,21.3,12,21.8,12,21.3,12,32,12
2019-06-30T19:50+00:00,5904,0,12,0,11,156,12,167,12,2.3,2.4,12,12,3.9,12,991.1,12,,,45,12,0.0,12,0,12,,,0,12,26.2,12,24.8,12,23.2,12,27.6,12,27.7,12,27.4,12,21.4,12,21.4,12,21.1,12,40,12
2019-06-30T20:00+00:00,5904,0,12,0,11,149,12,156,12,1.4,1.4,12,12,2.6,12,991.1,12,,,47,12,0.0,12,0,12,,,0,12,26.1,12,24.8,12,23.2,12,27.0,12,27.6,12,27.0,12,20.9,12,21.3,12,20.9,12,59,12
2019-06-30T20:10+00:00,5904,0,12,0,11,141,12,152,12,1.5,1.5,12,12,2.1,12,991.1,12,,,49,12,0.0,12,0,12,,,0,12,26.0,12,24.8,12,23.2,12,26.5,12,26.9,12,26.5,12,20.5,12,20.9,12,20.5,12,0,12
2019-06-30T20:20+00:00,5904,0,12,0,11,145,12,141,12,1.7,1.7,12,12,2.5,12,991.1,12,,,50,12,0.0,12,0,12,,,0,12,26.0,12,24.8,12,23.2,12,26.0,12,26.6,12,26.0,12,20.1,12,20.4,12,20.1,12,19,12
2019-06-30T20:30+00:00,5904,0,12,0,11,151,12,149,12,1.8,1.8,12,12,2.8,12,991.1,12,,,51,12,0.0,12,0,12,,,0,12,25.9,12,24.9,12,23.2,12,25.9,12,26.1,12,25.9,12,19.9,12,20.1,12,19.9,12,21,12
2019-06-30T20:40+00:00,5904,0,12,0,11,164,12,172,12,1.6,1.6,12,12,2.3,12,991.1,12,,,53,12,0.0,12,0,12,,,0,12,25.9,12,24.9,12,23.2,12,25.5,12,25.9,12,25.5,12,19.7,12,19.9,12,19.7,12,32,12
2019-06-30T20:50+00:00,5904,0,12,0,11,168,12,158,12,1.8,1.9,12,12,2.8,12,991.1,12,,,54,12,0.0,12,0,12,,,0,12,25.8,12,24.9,12,23.2,12,25.4,12,25.5,12,25.4,12,19.4,12,19.7,12,19.4,12,42,12
2019-06-30T21:00+00:00,5904,0,12,0,11,181,12,168,12,0.9,0.9,12,12,1.7,12,991.2,12,,,56,12,0.0,12,0,12,,,0,12,25.8,12,24.9,12,23.2,12,25.0,12,25.3,12,25.0,12,19.3,12,19.4,12,19.3,12,52,12
2019-06-30T21:10+00:00,5904,0,12,0,12,319,12,310,12,1.1,1.1,12,12,1.6,12,991.3,12,,,56,12,0.0,12,0,12,,,0,12,25.7,12,24.9,12,23.2,12,24.9,12,25.0,12,24.9,12,19.2,12,19.3,12,19.2,12,2,12
2019-06-30T21:20+00:00,5904,0,12,0,12,351,12,331,12,0.4,0.4,12,12,0.9,12,991.4,12,,,58,12,0.0,12,0,12,,,0,12,25.7,12,24.9,12,23.2,12,24.6,12,24.9,12,24.6,12,19.0,12,19.2,12,19.0,12,10,12
2019-06-30T21:30+00:00,5904,0,12,0,12,39,12,72,12,0.8,0.9,12,12,1.5,12,991.4,12,,,60,12,0.0,12,0,12,,,0,12,25.6,12,24.9,12,23.2,12,24.1,12,24.5,12,24.1,12,18.9,12,19.0,12,18.9,12,23,12
2019-06-30T21:40+00:00,5904,0,12,0,12,67,12,76,12,0.5,0.6,12,12,1.2,12,991.3,12,,,60,12,0.0,12,0,12,,,0,12,25.6,12,24.8,12,23.3,12,23.9,12,24.1,12,23.9,12,18.7,12,18.9,12,18.7,12,35,12
2019-06-30T21:50+00:00,5904,0,12,0,12,8,12,70,12,0.5,0.5,12,12,0.9,12,991.2,12,,,62,12,0.0,12,0,12,,,0,12,25.5,12,24.8,12,23.3,12,23.6,12,23.9,12,23.6,12,18.6,12,18.7,12,18.6,12,40,12
2019-06-30T22:00+00:00,5904,0,12,0,12,37,12,54,12,0.7,0.7,12,12,1.2,12,991.2,12,,,63,12,0.0,12,0,12,,,0,12,25.5,12,24.8,12,23.3,12,23.4,12,23.7,12,23.4,12,18.5,12,18.6,12,18.5,12,53,12
2019-06-30T22:10+00:00,5904,0,12,0,12,7,12,348,12,0.6,0.7,12,12,1.0,12,991.2,12,,,63,12,0.0,12,0,12,,,0,12,25.4,12,24.8,12,23.3,12,23.2,12,23.4,12,23.2,12,18.4,12,18.5,12,18.4,12,2,12
2019-06-30T22:20+00:00,5904,0,12,0,12,315,12,327,12,0.5,0.6,12,12,1.1,12,991.2,12,,,63,12,0.0,12,0,12,,,0,12,25.4,12,24.8,12,23.3,12,23.3,12,23.3,12,23.1,12,18.3,12,18.3,12,18.3,12,19,12
2019-06-30T22:30+00:00,5904,0,12,0,12,344,12,344,12,1.0,1.0,12,12,1.6,12,991.3,12,,,65,12,0.0,12,0,12,,,0,12,25.3,12,24.8,12,23.3,12,22.9,12,23.3,12,22.9,12,18.2,12,18.3,12,18.2,12,27,12
2019-06-30T22:40+00:00,5904,0,11,0,12,9,12,350,12,0.8,0.9,12,12,1.4,12,991.3,12,,,65,12,0.0,12,0,12,,,0,12,25.3,12,24.8,12,23.3,12,22.8,12,22.8,12,22.7,12,18.1,12,18.2,12,18.1,12,30,12
2019-06-30T22:50+00:00,5904,0,12,0,12,7,12,60,12,0.6,0.7,12,12,1.2,12,991.4,12,,,65,12,0.0,12,0,12,,,0,12,25.2,12,24.8,12,23.3,12,22.8,12,23.1,12,22.8,12,18.0,12,18.1,12,18.0,12,45,12
2019-06-30T23:00+00:00,5904,0,12,0,12,358,12,351,12,0.9,0.9,12,12,1.4,12,991.4,12,,,67,12,0.0,12,0,12,,,0,12,25.2,12,24.8,12,23.3,12,22.4,12,22.7,12,22.4,12,18.0,12,18.0,12,18.0,12,52,12
2019-06-30T23:10+00:00,5904,0,11,0,11,46,12,70,12,0.7,0.8,12,12,1.3,12,991.4,12,,,68,12,0.0,12,0,12,,,0,12,25.1,12,24.8,12,23.3,12,22.3,12,22.4,12,22.3,12,17.9,12,18.0,12,17.9,12,4,12
2019-06-30T23:20+00:00,5904,0,11,0,11,55,12,50,12,0.8,0.9,12,12,1.4,12,991.4,12,,,68,12,0.0,12,0,12,,,0,12,25.1,12,24.8,12,23.3,12,22.2,12,22.3,12,22.2,12,17.9,12,17.9,12,17.9,12,18,12
2019-06-30T23:30+00:00,5904,0,11,0,11,30,12,34,12,0.8,0.8,12,12,1.3,12,991.4,12,,,69,12,0.0,12,0,12,,,0,12,25.1,12,24.8,12,23.3,12,22.1,12,22.2,12,22.0,12,18.0,12,18.0,12,17.9,12,23,12
2019-06-30T23:40+00:00,5904,0,11,0,11,24,12,5,12,0.8,0.8,12,12,1.3,12,991.4,12,,,69,12,0.0,12,0,12,,,0,12,25.0,12,24.8,12,23.3,12,22.0,12,22.1,12,22.0,12,17.9,12,17.9,12,17.9,12,33,12
2019-06-30T23:50+00:00,5904,0,11,0,11,23,12,24,12,0.9,0.9,12,12,1.3,12,991.4,12,,,70,12,0.0,12,0,12,,,0,12,24.9,12,24.8,12,23.3,12,21.9,12,22.1,12,21.8,12,17.9,12,17.9,12,17.9,12,43,12
2019-07-01T00:00+00:00,5904,0,11,0,11,27,12,12,12,1.0,1.0,12,12,1.4,12,991.4,12,,,71,12,0.0,12,0,12,,,0,12,24.9,12,24.7,12,23.3,12,21.9,12,22.0,12,21.8,12,17.9,12,17.9,12,17.9,12,52,12
